id,name,age,salary,department_id
1,Employee_00001,19,30137,2
2,Employee_00002,20,30274,3
3,Employee_00003,21,30411,4
4,Employee_00004,22,30548,5
5,Employee_00005,23,30685,6
6,Employee_00006,24,30822,7
7,Employee_00007,25,30959,8
8,Employee_00008,26,31096,9
9,Employee_00009,27,31233,10
10,Employee_00010,28,31370,1
11,Employee_00011,29,31507,2
12,Employee_00012,30,31644,3
13,Employee_00013,31,31781,4
14,Employee_00014,32,31918,5
15,Employee_00015,33,32055,6
16,Employee_00016,34,32192,7
17,Employee_00017,35,32329,8
18,Employee_00018,36,32466,9
19,Employee_00019,37,32603,10
20,Employee_00020,38,32740,1
21,Employee_00021,39,32877,2
22,Employee_00022,40,33014,3
23,Employee_00023,41,33151,4
24,Employee_00024,42,33288,5
25,Employee_00025,43,33425,6
26,Employee_00026,44,33562,7
27,Employee_00027,45,33699,8
28,Employee_00028,46,33836,9
29,Employee_00029,47,33973,10
30,Employee_00030,48,34110,1
31,Employee_00031,49,34247,2
32,Employee_00032,50,34384,3
33,Employee_00033,51,34521,4
34,Employee_00034,52,34658,5
35,Employee_00035,53,34795,6
36,Employee_00036,54,34932,7
37,Employee_00037,55,35069,8
38,Employee_00038,56,35206,9
39,Employee_00039,57,35343,10
40,Employee_00040,58,35480,1
41,Employee_00041,59,35617,2
42,Employee_00042,60,35754,3
43,Employee_00043,61,35891,4
44,Employee_00044,62,36028,5
45,Employee_00045,63,36165,6
46,Employee_00046,64,36302,7
47,Employee_00047,65,36439,8
48,Employee_00048,18,36576,9
49,Employee_00049,19,36713,10
50,Employee_00050,20,36850,1
51,Employee_00051,21,36987,2
52,Employee_00052,22,37124,3
53,Employee_00053,23,37261,4
54,Employee_00054,24,37398,5
55,Employee_00055,25,37535,6
56,Employee_00056,26,37672,7
57,Employee_00057,27,37809,8
58,Employee_00058,28,37946,9
59,Employee_00059,29,38083,10
60,Employee_00060,30,38220,1
61,Employee_00061,31,38357,2
62,Employee_00062,32,38494,3
63,Employee_00063,33,38631,4
64,Employee_00064,34,38768,5
65,Employee_00065,35,38905,6
66,Employee_00066,36,39042,7
67,Employee_00067,37,39179,8
68,Employee_00068,38,39316,9
69,Employee_00069,39,39453,10
70,Employee_00070,40,39590,1
71,Employee_00071,41,39727,2
72,Employee_00072,42,39864,3
73,Employee_00073,43,40001,4
74,Employee_00074,44,40138,5
75,Employee_00075,45,40275,6
76,Employee_00076,46,40412,7
77,Employee_00077,47,40549,8
78,Employee_00078,48,40686,9
79,Employee_00079,49,40823,10
80,Employee_00080,50,40960,1
81,Employee_00081,51,41097,2
82,Employee_00082,52,41234,3
83,Employee_00083,53,41371,4
84,Employee_00084,54,41508,5
85,Employee_00085,55,41645,6
86,Employee_00086,56,41782,7
87,Employee_00087,57,41919,8
88,Employee_00088,58,42056,9
89,Employee_00089,59,42193,10
90,Employee_00090,60,42330,1
91,Employee_00091,61,42467,2
92,Employee_00092,62,42604,3
93,Employee_00093,63,42741,4
94,Employee_00094,64,42878,5
95,Employee_00095,65,43015,6
96,Employee_00096,18,43152,7
97,Employee_00097,19,43289,8
98,Employee_00098,20,43426,9
99,Employee_00099,21,43563,10
100,Employee_00100,22,43700,1
101,Employee_00101,23,43837,2
102,Employee_00102,24,43974,3
103,Employee_00103,25,44111,4
104,Employee_00104,26,44248,5
105,Employee_00105,27,44385,6
106,Employee_00106,28,44522,7
107,Employee_00107,29,44659,8
108,Employee_00108,30,44796,9
109,Employee_00109,31,44933,10
110,Employee_00110,32,45070,1
111,Employee_00111,33,45207,2
112,Employee_00112,34,45344,3
113,Employee_00113,35,45481,4
114,Employee_00114,36,45618,5
115,Employee_00115,37,45755,6
116,Employee_00116,38,45892,7
117,Employee_00117,39,46029,8
118,Employee_00118,40,46166,9
119,Employee_00119,41,46303,10
120,Employee_00120,42,46440,1
121,Employee_00121,43,46577,2
122,Employee_00122,44,46714,3
123,Employee_00123,45,46851,4
124,Employee_00124,46,46988,5
125,Employee_00125,47,47125,6
126,Employee_00126,48,47262,7
127,Employee_00127,49,47399,8
128,Employee_00128,50,47536,9
129,Employee_00129,51,47673,10
130,Employee_00130,52,47810,1
131,Employee_00131,53,47947,2
132,Employee_00132,54,48084,3
133,Employee_00133,55,48221,4
134,Employee_00134,56,48358,5
135,Employee_00135,57,48495,6
136,Employee_00136,58,48632,7
137,Employee_00137,59,48769,8
138,Employee_00138,60,48906,9
139,Employee_00139,61,49043,10
140,Employee_00140,62,49180,1
141,Employee_00141,63,49317,2
142,Employee_00142,64,49454,3
143,Employee_00143,65,49591,4
144,Employee_00144,18,49728,5
145,Employee_00145,19,49865,6
146,Employee_00146,20,50002,7
147,Employee_00147,21,50139,8
148,Employee_00148,22,50276,9
149,Employee_00149,23,50413,10
150,Employee_00150,24,50550,1
151,Employee_00151,25,50687,2
152,Employee_00152,26,50824,3
153,Employee_00153,27,50961,4
154,Employee_00154,28,51098,5
155,Employee_00155,29,51235,6
156,Employee_00156,30,51372,7
157,Employee_00157,31,51509,8
158,Employee_00158,32,51646,9
159,Employee_00159,33,51783,10
160,Employee_00160,34,51920,1
161,Employee_00161,35,52057,2
162,Employee_00162,36,52194,3
163,Employee_00163,37,52331,4
164,Employee_00164,38,52468,5
165,Employee_00165,39,52605,6
166,Employee_00166,40,52742,7
167,Employee_00167,41,52879,8
168,Employee_00168,42,53016,9
169,Employee_00169,43,53153,10
170,Employee_00170,44,53290,1
171,Employee_00171,45,53427,2
172,Employee_00172,46,53564,3
173,Employee_00173,47,53701,4
174,Employee_00174,48,53838,5
175,Employee_00175,49,53975,6
176,Employee_00176,50,54112,7
177,Employee_00177,51,54249,8
178,Employee_00178,52,54386,9
179,Employee_00179,53,54523,10
180,Employee_00180,54,54660,1
181,Employee_00181,55,54797,2
182,Employee_00182,56,54934,3
183,Employee_00183,57,55071,4
184,Employee_00184,58,55208,5
185,Employee_00185,59,55345,6
186,Employee_00186,60,55482,7
187,Employee_00187,61,55619,8
188,Employee_00188,62,55756,9
189,Employee_00189,63,55893,10
190,Employee_00190,64,56030,1
191,Employee_00191,65,56167,2
192,Employee_00192,18,56304,3
193,Employee_00193,19,56441,4
194,Employee_00194,20,56578,5
195,Employee_00195,21,56715,6
196,Employee_00196,22,56852,7
197,Employee_00197,23,56989,8
198,Employee_00198,24,57126,9
199,Employee_00199,25,57263,10
200,Employee_00200,26,57400,1
201,Employee_00201,27,57537,2
202,Employee_00202,28,57674,3
203,Employee_00203,29,57811,4
204,Employee_00204,30,57948,5
205,Employee_00205,31,58085,6
206,Employee_00206,32,58222,7
207,Employee_00207,33,58359,8
208,Employee_00208,34,58496,9
209,Employee_00209,35,58633,10
210,Employee_00210,36,58770,1
211,Employee_00211,37,58907,2
212,Employee_00212,38,59044,3
213,Employee_00213,39,59181,4
214,Employee_00214,40,59318,5
215,Employee_00215,41,59455,6
216,Employee_00216,42,59592,7
217,Employee_00217,43,59729,8
218,Employee_00218,44,59866,9
219,Employee_00219,45,60003,10
220,Employee_00220,46,60140,1
221,Employee_00221,47,60277,2
222,Employee_00222,48,60414,3
223,Employee_00223,49,60551,4
224,Employee_00224,50,60688,5
225,Employee_00225,51,60825,6
226,Employee_00226,52,60962,7
227,Employee_00227,53,61099,8
228,Employee_00228,54,61236,9
229,Employee_00229,55,61373,10
230,Employee_00230,56,61510,1
231,Employee_00231,57,61647,2
232,Employee_00232,58,61784,3
233,Employee_00233,59,61921,4
234,Employee_00234,60,62058,5
235,Employee_00235,61,62195,6
236,Employee_00236,62,62332,7
237,Employee_00237,63,62469,8
238,Employee_00238,64,62606,9
239,Employee_00239,65,62743,10
240,Employee_00240,18,62880,1
241,Employee_00241,19,63017,2
242,Employee_00242,20,63154,3
243,Employee_00243,21,63291,4
244,Employee_00244,22,63428,5
245,Employee_00245,23,63565,6
246,Employee_00246,24,63702,7
247,Employee_00247,25,63839,8
248,Employee_00248,26,63976,9
249,Employee_00249,27,64113,10
250,Employee_00250,28,64250,1
251,Employee_00251,29,64387,2
252,Employee_00252,30,64524,3
253,Employee_00253,31,64661,4
254,Employee_00254,32,64798,5
255,Employee_00255,33,64935,6
256,Employee_00256,34,65072,7
257,Employee_00257,35,65209,8
258,Employee_00258,36,65346,9
259,Employee_00259,37,65483,10
260,Employee_00260,38,65620,1
261,Employee_00261,39,65757,2
262,Employee_00262,40,65894,3
263,Employee_00263,41,66031,4
264,Employee_00264,42,66168,5
265,Employee_00265,43,66305,6
266,Employee_00266,44,66442,7
267,Employee_00267,45,66579,8
268,Employee_00268,46,66716,9
269,Employee_00269,47,66853,10
270,Employee_00270,48,66990,1
271,Employee_00271,49,67127,2
272,Employee_00272,50,67264,3
273,Employee_00273,51,67401,4
274,Employee_00274,52,67538,5
275,Employee_00275,53,67675,6
276,Employee_00276,54,67812,7
277,Employee_00277,55,67949,8
278,Employee_00278,56,68086,9
279,Employee_00279,57,68223,10
280,Employee_00280,58,68360,1
281,Employee_00281,59,68497,2
282,Employee_00282,60,68634,3
283,Employee_00283,61,68771,4
284,Employee_00284,62,68908,5
285,Employee_00285,63,69045,6
286,Employee_00286,64,69182,7
287,Employee_00287,65,69319,8
288,Employee_00288,18,69456,9
289,Employee_00289,19,69593,10
290,Employee_00290,20,69730,1
291,Employee_00291,21,69867,2
292,Employee_00292,22,70004,3
293,Employee_00293,23,70141,4
294,Employee_00294,24,70278,5
295,Employee_00295,25,70415,6
296,Employee_00296,26,70552,7
297,Employee_00297,27,70689,8
298,Employee_00298,28,70826,9
299,Employee_00299,29,70963,10
300,Employee_00300,30,71100,1
301,Employee_00301,31,71237,2
302,Employee_00302,32,71374,3
303,Employee_00303,33,71511,4
304,Employee_00304,34,71648,5
305,Employee_00305,35,71785,6
306,Employee_00306,36,71922,7
307,Employee_00307,37,72059,8
308,Employee_00308,38,72196,9
309,Employee_00309,39,72333,10
310,Employee_00310,40,72470,1
311,Employee_00311,41,72607,2
312,Employee_00312,42,72744,3
313,Employee_00313,43,72881,4
314,Employee_00314,44,73018,5
315,Employee_00315,45,73155,6
316,Employee_00316,46,73292,7
317,Employee_00317,47,73429,8
318,Employee_00318,48,73566,9
319,Employee_00319,49,73703,10
320,Employee_00320,50,73840,1
321,Employee_00321,51,73977,2
322,Employee_00322,52,74114,3
323,Employee_00323,53,74251,4
324,Employee_00324,54,74388,5
325,Employee_00325,55,74525,6
326,Employee_00326,56,74662,7
327,Employee_00327,57,74799,8
328,Employee_00328,58,74936,9
329,Employee_00329,59,75073,10
330,Employee_00330,60,75210,1
331,Employee_00331,61,75347,2
332,Employee_00332,62,75484,3
333,Employee_00333,63,75621,4
334,Employee_00334,64,75758,5
335,Employee_00335,65,75895,6
336,Employee_00336,18,76032,7
337,Employee_00337,19,76169,8
338,Employee_00338,20,76306,9
339,Employee_00339,21,76443,10
340,Employee_00340,22,76580,1
341,Employee_00341,23,76717,2
342,Employee_00342,24,76854,3
343,Employee_00343,25,76991,4
344,Employee_00344,26,77128,5
345,Employee_00345,27,77265,6
346,Employee_00346,28,77402,7
347,Employee_00347,29,77539,8
348,Employee_00348,30,77676,9
349,Employee_00349,31,77813,10
350,Employee_00350,32,77950,1
351,Employee_00351,33,78087,2
352,Employee_00352,34,78224,3
353,Employee_00353,35,78361,4
354,Employee_00354,36,78498,5
355,Employee_00355,37,78635,6
356,Employee_00356,38,78772,7
357,Employee_00357,39,78909,8
358,Employee_00358,40,79046,9
359,Employee_00359,41,79183,10
360,Employee_00360,42,79320,1
361,Employee_00361,43,79457,2
362,Employee_00362,44,79594,3
363,Employee_00363,45,79731,4
364,Employee_00364,46,79868,5
365,Employee_00365,47,80005,6
366,Employee_00366,48,80142,7
367,Employee_00367,49,80279,8
368,Employee_00368,50,80416,9
369,Employee_00369,51,80553,10
370,Employee_00370,52,80690,1
371,Employee_00371,53,80827,2
372,Employee_00372,54,80964,3
373,Employee_00373,55,81101,4
374,Employee_00374,56,81238,5
375,Employee_00375,57,81375,6
376,Employee_00376,58,81512,7
377,Employee_00377,59,81649,8
378,Employee_00378,60,81786,9
379,Employee_00379,61,81923,10
380,Employee_00380,62,82060,1
381,Employee_00381,63,82197,2
382,Employee_00382,64,82334,3
383,Employee_00383,65,82471,4
384,Employee_00384,18,82608,5
385,Employee_00385,19,82745,6
386,Employee_00386,20,82882,7
387,Employee_00387,21,83019,8
388,Employee_00388,22,83156,9
389,Employee_00389,23,83293,10
390,Employee_00390,24,83430,1
391,Employee_00391,25,83567,2
392,Employee_00392,26,83704,3
393,Employee_00393,27,83841,4
394,Employee_00394,28,83978,5
395,Employee_00395,29,84115,6
396,Employee_00396,30,84252,7
397,Employee_00397,31,84389,8
398,Employee_00398,32,84526,9
399,Employee_00399,33,84663,10
400,Employee_00400,34,84800,1
401,Employee_00401,35,84937,2
402,Employee_00402,36,85074,3
403,Employee_00403,37,85211,4
404,Employee_00404,38,85348,5
405,Employee_00405,39,85485,6
406,Employee_00406,40,85622,7
407,Employee_00407,41,85759,8
408,Employee_00408,42,85896,9
409,Employee_00409,43,86033,10
410,Employee_00410,44,86170,1
411,Employee_00411,45,86307,2
412,Employee_00412,46,86444,3
413,Employee_00413,47,86581,4
414,Employee_00414,48,86718,5
415,Employee_00415,49,86855,6
416,Employee_00416,50,86992,7
417,Employee_00417,51,87129,8
418,Employee_00418,52,87266,9
419,Employee_00419,53,87403,10
420,Employee_00420,54,87540,1
421,Employee_00421,55,87677,2
422,Employee_00422,56,87814,3
423,Employee_00423,57,87951,4
424,Employee_00424,58,88088,5
425,Employee_00425,59,88225,6
426,Employee_00426,60,88362,7
427,Employee_00427,61,88499,8
428,Employee_00428,62,88636,9
429,Employee_00429,63,88773,10
430,Employee_00430,64,88910,1
431,Employee_00431,65,89047,2
432,Employee_00432,18,89184,3
433,Employee_00433,19,89321,4
434,Employee_00434,20,89458,5
435,Employee_00435,21,89595,6
436,Employee_00436,22,89732,7
437,Employee_00437,23,89869,8
438,Employee_00438,24,90006,9
439,Employee_00439,25,90143,10
440,Employee_00440,26,90280,1
441,Employee_00441,27,90417,2
442,Employee_00442,28,90554,3
443,Employee_00443,29,90691,4
444,Employee_00444,30,90828,5
445,Employee_00445,31,90965,6
446,Employee_00446,32,91102,7
447,Employee_00447,33,91239,8
448,Employee_00448,34,91376,9
449,Employee_00449,35,91513,10
450,Employee_00450,36,91650,1
451,Employee_00451,37,91787,2
452,Employee_00452,38,91924,3
453,Employee_00453,39,92061,4
454,Employee_00454,40,92198,5
455,Employee_00455,41,92335,6
456,Employee_00456,42,92472,7
457,Employee_00457,43,92609,8
458,Employee_00458,44,92746,9
459,Employee_00459,45,92883,10
460,Employee_00460,46,93020,1
461,Employee_00461,47,93157,2
462,Employee_00462,48,93294,3
463,Employee_00463,49,93431,4
464,Employee_00464,50,93568,5
465,Employee_00465,51,93705,6
466,Employee_00466,52,93842,7
467,Employee_00467,53,93979,8
468,Employee_00468,54,94116,9
469,Employee_00469,55,94253,10
470,Employee_00470,56,94390,1
471,Employee_00471,57,94527,2
472,Employee_00472,58,94664,3
473,Employee_00473,59,94801,4
474,Employee_00474,60,94938,5
475,Employee_00475,61,95075,6
476,Employee_00476,62,95212,7
477,Employee_00477,63,95349,8
478,Employee_00478,64,95486,9
479,Employee_00479,65,95623,10
480,Employee_00480,18,95760,1
481,Employee_00481,19,95897,2
482,Employee_00482,20,96034,3
483,Employee_00483,21,96171,4
484,Employee_00484,22,96308,5
485,Employee_00485,23,96445,6
486,Employee_00486,24,96582,7
487,Employee_00487,25,96719,8
488,Employee_00488,26,96856,9
489,Employee_00489,27,96993,10
490,Employee_00490,28,97130,1
491,Employee_00491,29,97267,2
492,Employee_00492,30,97404,3
493,Employee_00493,31,97541,4
494,Employee_00494,32,97678,5
495,Employee_00495,33,97815,6
496,Employee_00496,34,97952,7
497,Employee_00497,35,98089,8
498,Employee_00498,36,98226,9
499,Employee_00499,37,98363,10
500,Employee_00500,38,98500,1
501,Employee_00501,39,98637,2
502,Employee_00502,40,98774,3
503,Employee_00503,41,98911,4
504,Employee_00504,42,99048,5
505,Employee_00505,43,99185,6
506,Employee_00506,44,99322,7
507,Employee_00507,45,99459,8
508,Employee_00508,46,99596,9
509,Employee_00509,47,99733,10
510,Employee_00510,48,99870,1
511,Employee_00511,49,100007,2
512,Employee_00512,50,100144,3
513,Employee_00513,51,100281,4
514,Employee_00514,52,100418,5
515,Employee_00515,53,100555,6
516,Employee_00516,54,100692,7
517,Employee_00517,55,100829,8
518,Employee_00518,56,100966,9
519,Employee_00519,57,101103,10
520,Employee_00520,58,101240,1
521,Employee_00521,59,101377,2
522,Employee_00522,60,101514,3
523,Employee_00523,61,101651,4
524,Employee_00524,62,101788,5
525,Employee_00525,63,101925,6
526,Employee_00526,64,102062,7
527,Employee_00527,65,102199,8
528,Employee_00528,18,102336,9
529,Employee_00529,19,102473,10
530,Employee_00530,20,102610,1
531,Employee_00531,21,102747,2
532,Employee_00532,22,102884,3
533,Employee_00533,23,103021,4
534,Employee_00534,24,103158,5
535,Employee_00535,25,103295,6
536,Employee_00536,26,103432,7
537,Employee_00537,27,103569,8
538,Employee_00538,28,103706,9
539,Employee_00539,29,103843,10
540,Employee_00540,30,103980,1
541,Employee_00541,31,104117,2
542,Employee_00542,32,104254,3
543,Employee_00543,33,104391,4
544,Employee_00544,34,104528,5
545,Employee_00545,35,104665,6
546,Employee_00546,36,104802,7
547,Employee_00547,37,104939,8
548,Employee_00548,38,105076,9
549,Employee_00549,39,105213,10
550,Employee_00550,40,105350,1
551,Employee_00551,41,105487,2
552,Employee_00552,42,105624,3
553,Employee_00553,43,105761,4
554,Employee_00554,44,105898,5
555,Employee_00555,45,106035,6
556,Employee_00556,46,106172,7
557,Employee_00557,47,106309,8
558,Employee_00558,48,106446,9
559,Employee_00559,49,106583,10
560,Employee_00560,50,106720,1
561,Employee_00561,51,106857,2
562,Employee_00562,52,106994,3
563,Employee_00563,53,107131,4
564,Employee_00564,54,107268,5
565,Employee_00565,55,107405,6
566,Employee_00566,56,107542,7
567,Employee_00567,57,107679,8
568,Employee_00568,58,107816,9
569,Employee_00569,59,107953,10
570,Employee_00570,60,108090,1
571,Employee_00571,61,108227,2
572,Employee_00572,62,108364,3
573,Employee_00573,63,108501,4
574,Employee_00574,64,108638,5
575,Employee_00575,65,108775,6
576,Employee_00576,18,108912,7
577,Employee_00577,19,109049,8
578,Employee_00578,20,109186,9
579,Employee_00579,21,109323,10
580,Employee_00580,22,109460,1
581,Employee_00581,23,109597,2
582,Employee_00582,24,109734,3
583,Employee_00583,25,109871,4
584,Employee_00584,26,110008,5
585,Employee_00585,27,110145,6
586,Employee_00586,28,110282,7
587,Employee_00587,29,110419,8
588,Employee_00588,30,110556,9
589,Employee_00589,31,110693,10
590,Employee_00590,32,110830,1
591,Employee_00591,33,110967,2
592,Employee_00592,34,111104,3
593,Employee_00593,35,111241,4
594,Employee_00594,36,111378,5
595,Employee_00595,37,111515,6
596,Employee_00596,38,111652,7
597,Employee_00597,39,111789,8
598,Employee_00598,40,111926,9
599,Employee_00599,41,112063,10
600,Employee_00600,42,112200,1
601,Employee_00601,43,112337,2
602,Employee_00602,44,112474,3
603,Employee_00603,45,112611,4
604,Employee_00604,46,112748,5
605,Employee_00605,47,112885,6
606,Employee_00606,48,113022,7
607,Employee_00607,49,113159,8
608,Employee_00608,50,113296,9
609,Employee_00609,51,113433,10
610,Employee_00610,52,113570,1
611,Employee_00611,53,113707,2
612,Employee_00612,54,113844,3
613,Employee_00613,55,113981,4
614,Employee_00614,56,114118,5
615,Employee_00615,57,114255,6
616,Employee_00616,58,114392,7
617,Employee_00617,59,114529,8
618,Employee_00618,60,114666,9
619,Employee_00619,61,114803,10
620,Employee_00620,62,114940,1
621,Employee_00621,63,115077,2
622,Employee_00622,64,115214,3
623,Employee_00623,65,115351,4
624,Employee_00624,18,115488,5
625,Employee_00625,19,115625,6
626,Employee_00626,20,115762,7
627,Employee_00627,21,115899,8
628,Employee_00628,22,116036,9
629,Employee_00629,23,116173,10
630,Employee_00630,24,116310,1
631,Employee_00631,25,116447,2
632,Employee_00632,26,116584,3
633,Employee_00633,27,116721,4
634,Employee_00634,28,116858,5
635,Employee_00635,29,116995,6
636,Employee_00636,30,117132,7
637,Employee_00637,31,117269,8
638,Employee_00638,32,117406,9
639,Employee_00639,33,117543,10
640,Employee_00640,34,117680,1
641,Employee_00641,35,117817,2
642,Employee_00642,36,117954,3
643,Employee_00643,37,118091,4
644,Employee_00644,38,118228,5
645,Employee_00645,39,118365,6
646,Employee_00646,40,118502,7
647,Employee_00647,41,118639,8
648,Employee_00648,42,118776,9
649,Employee_00649,43,118913,10
650,Employee_00650,44,119050,1
651,Employee_00651,45,119187,2
652,Employee_00652,46,119324,3
653,Employee_00653,47,119461,4
654,Employee_00654,48,119598,5
655,Employee_00655,49,119735,6
656,Employee_00656,50,119872,7
657,Employee_00657,51,120009,8
658,Employee_00658,52,120146,9
659,Employee_00659,53,120283,10
660,Employee_00660,54,120420,1
661,Employee_00661,55,120557,2
662,Employee_00662,56,120694,3
663,Employee_00663,57,120831,4
664,Employee_00664,58,120968,5
665,Employee_00665,59,121105,6
666,Employee_00666,60,121242,7
667,Employee_00667,61,121379,8
668,Employee_00668,62,121516,9
669,Employee_00669,63,121653,10
670,Employee_00670,64,121790,1
671,Employee_00671,65,121927,2
672,Employee_00672,18,122064,3
673,Employee_00673,19,122201,4
674,Employee_00674,20,122338,5
675,Employee_00675,21,122475,6
676,Employee_00676,22,122612,7
677,Employee_00677,23,122749,8
678,Employee_00678,24,122886,9
679,Employee_00679,25,123023,10
680,Employee_00680,26,123160,1
681,Employee_00681,27,123297,2
682,Employee_00682,28,123434,3
683,Employee_00683,29,123571,4
684,Employee_00684,30,123708,5
685,Employee_00685,31,123845,6
686,Employee_00686,32,123982,7
687,Employee_00687,33,124119,8
688,Employee_00688,34,124256,9
689,Employee_00689,35,124393,10
690,Employee_00690,36,124530,1
691,Employee_00691,37,124667,2
692,Employee_00692,38,124804,3
693,Employee_00693,39,124941,4
694,Employee_00694,40,125078,5
695,Employee_00695,41,125215,6
696,Employee_00696,42,125352,7
697,Employee_00697,43,125489,8
698,Employee_00698,44,125626,9
699,Employee_00699,45,125763,10
700,Employee_00700,46,125900,1
701,Employee_00701,47,126037,2
702,Employee_00702,48,126174,3
703,Employee_00703,49,126311,4
704,Employee_00704,50,126448,5
705,Employee_00705,51,126585,6
706,Employee_00706,52,126722,7
707,Employee_00707,53,126859,8
708,Employee_00708,54,126996,9
709,Employee_00709,55,127133,10
710,Employee_00710,56,127270,1
711,Employee_00711,57,127407,2
712,Employee_00712,58,127544,3
713,Employee_00713,59,127681,4
714,Employee_00714,60,127818,5
715,Employee_00715,61,127955,6
716,Employee_00716,62,128092,7
717,Employee_00717,63,128229,8
718,Employee_00718,64,128366,9
719,Employee_00719,65,128503,10
720,Employee_00720,18,128640,1
721,Employee_00721,19,128777,2
722,Employee_00722,20,128914,3
723,Employee_00723,21,129051,4
724,Employee_00724,22,129188,5
725,Employee_00725,23,129325,6
726,Employee_00726,24,129462,7
727,Employee_00727,25,129599,8
728,Employee_00728,26,129736,9
729,Employee_00729,27,129873,10
730,Employee_00730,28,130010,1
731,Employee_00731,29,130147,2
732,Employee_00732,30,130284,3
733,Employee_00733,31,130421,4
734,Employee_00734,32,130558,5
735,Employee_00735,33,130695,6
736,Employee_00736,34,130832,7
737,Employee_00737,35,130969,8
738,Employee_00738,36,131106,9
739,Employee_00739,37,131243,10
740,Employee_00740,38,131380,1
741,Employee_00741,39,131517,2
742,Employee_00742,40,131654,3
743,Employee_00743,41,131791,4
744,Employee_00744,42,131928,5
745,Employee_00745,43,132065,6
746,Employee_00746,44,132202,7
747,Employee_00747,45,132339,8
748,Employee_00748,46,132476,9
749,Employee_00749,47,132613,10
750,Employee_00750,48,132750,1
751,Employee_00751,49,132887,2
752,Employee_00752,50,133024,3
753,Employee_00753,51,133161,4
754,Employee_00754,52,133298,5
755,Employee_00755,53,133435,6
756,Employee_00756,54,133572,7
757,Employee_00757,55,133709,8
758,Employee_00758,56,133846,9
759,Employee_00759,57,133983,10
760,Employee_00760,58,134120,1
761,Employee_00761,59,134257,2
762,Employee_00762,60,134394,3
763,Employee_00763,61,134531,4
764,Employee_00764,62,134668,5
765,Employee_00765,63,134805,6
766,Employee_00766,64,134942,7
767,Employee_00767,65,135079,8
768,Employee_00768,18,135216,9
769,Employee_00769,19,135353,10
770,Employee_00770,20,135490,1
771,Employee_00771,21,135627,2
772,Employee_00772,22,135764,3
773,Employee_00773,23,135901,4
774,Employee_00774,24,136038,5
775,Employee_00775,25,136175,6
776,Employee_00776,26,136312,7
777,Employee_00777,27,136449,8
778,Employee_00778,28,136586,9
779,Employee_00779,29,136723,10
780,Employee_00780,30,136860,1
781,Employee_00781,31,136997,2
782,Employee_00782,32,137134,3
783,Employee_00783,33,137271,4
784,Employee_00784,34,137408,5
785,Employee_00785,35,137545,6
786,Employee_00786,36,137682,7
787,Employee_00787,37,137819,8
788,Employee_00788,38,137956,9
789,Employee_00789,39,138093,10
790,Employee_00790,40,138230,1
791,Employee_00791,41,138367,2
792,Employee_00792,42,138504,3
793,Employee_00793,43,138641,4
794,Employee_00794,44,138778,5
795,Employee_00795,45,138915,6
796,Employee_00796,46,139052,7
797,Employee_00797,47,139189,8
798,Employee_00798,48,139326,9
799,Employee_00799,49,139463,10
800,Employee_00800,50,139600,1
801,Employee_00801,51,139737,2
802,Employee_00802,52,139874,3
803,Employee_00803,53,140011,4
804,Employee_00804,54,140148,5
805,Employee_00805,55,140285,6
806,Employee_00806,56,140422,7
807,Employee_00807,57,140559,8
808,Employee_00808,58,140696,9
809,Employee_00809,59,140833,10
810,Employee_00810,60,140970,1
811,Employee_00811,61,141107,2
812,Employee_00812,62,141244,3
813,Employee_00813,63,141381,4
814,Employee_00814,64,141518,5
815,Employee_00815,65,141655,6
816,Employee_00816,18,141792,7
817,Employee_00817,19,141929,8
818,Employee_00818,20,142066,9
819,Employee_00819,21,142203,10
820,Employee_00820,22,142340,1
821,Employee_00821,23,142477,2
822,Employee_00822,24,142614,3
823,Employee_00823,25,142751,4
824,Employee_00824,26,142888,5
825,Employee_00825,27,143025,6
826,Employee_00826,28,143162,7
827,Employee_00827,29,143299,8
828,Employee_00828,30,143436,9
829,Employee_00829,31,143573,10
830,Employee_00830,32,143710,1
831,Employee_00831,33,143847,2
832,Employee_00832,34,143984,3
833,Employee_00833,35,144121,4
834,Employee_00834,36,144258,5
835,Employee_00835,37,144395,6
836,Employee_00836,38,144532,7
837,Employee_00837,39,144669,8
838,Employee_00838,40,144806,9
839,Employee_00839,41,144943,10
840,Employee_00840,42,145080,1
841,Employee_00841,43,145217,2
842,Employee_00842,44,145354,3
843,Employee_00843,45,145491,4
844,Employee_00844,46,145628,5
845,Employee_00845,47,145765,6
846,Employee_00846,48,145902,7
847,Employee_00847,49,146039,8
848,Employee_00848,50,146176,9
849,Employee_00849,51,146313,10
850,Employee_00850,52,146450,1
851,Employee_00851,53,146587,2
852,Employee_00852,54,146724,3
853,Employee_00853,55,146861,4
854,Employee_00854,56,146998,5
855,Employee_00855,57,147135,6
856,Employee_00856,58,147272,7
857,Employee_00857,59,147409,8
858,Employee_00858,60,147546,9
859,Employee_00859,61,147683,10
860,Employee_00860,62,147820,1
861,Employee_00861,63,147957,2
862,Employee_00862,64,148094,3
863,Employee_00863,65,148231,4
864,Employee_00864,18,148368,5
865,Employee_00865,19,148505,6
866,Employee_00866,20,148642,7
867,Employee_00867,21,148779,8
868,Employee_00868,22,148916,9
869,Employee_00869,23,149053,10
870,Employee_00870,24,149190,1
871,Employee_00871,25,149327,2
872,Employee_00872,26,149464,3
873,Employee_00873,27,149601,4
874,Employee_00874,28,149738,5
875,Employee_00875,29,149875,6
876,Employee_00876,30,150012,7
877,Employee_00877,31,150149,8
878,Employee_00878,32,150286,9
879,Employee_00879,33,150423,10
880,Employee_00880,34,150560,1
881,Employee_00881,35,150697,2
882,Employee_00882,36,150834,3
883,Employee_00883,37,150971,4
884,Employee_00884,38,151108,5
885,Employee_00885,39,151245,6
886,Employee_00886,40,151382,7
887,Employee_00887,41,151519,8
888,Employee_00888,42,151656,9
889,Employee_00889,43,151793,10
890,Employee_00890,44,151930,1
891,Employee_00891,45,152067,2
892,Employee_00892,46,152204,3
893,Employee_00893,47,152341,4
894,Employee_00894,48,152478,5
895,Employee_00895,49,152615,6
896,Employee_00896,50,152752,7
897,Employee_00897,51,152889,8
898,Employee_00898,52,153026,9
899,Employee_00899,53,153163,10
900,Employee_00900,54,153300,1
901,Employee_00901,55,153437,2
902,Employee_00902,56,153574,3
903,Employee_00903,57,153711,4
904,Employee_00904,58,153848,5
905,Employee_00905,59,153985,6
906,Employee_00906,60,154122,7
907,Employee_00907,61,154259,8
908,Employee_00908,62,154396,9
909,Employee_00909,63,154533,10
910,Employee_00910,64,154670,1
911,Employee_00911,65,154807,2
912,Employee_00912,18,154944,3
913,Employee_00913,19,155081,4
914,Employee_00914,20,155218,5
915,Employee_00915,21,155355,6
916,Employee_00916,22,155492,7
917,Employee_00917,23,155629,8
918,Employee_00918,24,155766,9
919,Employee_00919,25,155903,10
920,Employee_00920,26,156040,1
921,Employee_00921,27,156177,2
922,Employee_00922,28,156314,3
923,Employee_00923,29,156451,4
924,Employee_00924,30,156588,5
925,Employee_00925,31,156725,6
926,Employee_00926,32,156862,7
927,Employee_00927,33,156999,8
928,Employee_00928,34,157136,9
929,Employee_00929,35,157273,10
930,Employee_00930,36,157410,1
931,Employee_00931,37,157547,2
932,Employee_00932,38,157684,3
933,Employee_00933,39,157821,4
934,Employee_00934,40,157958,5
935,Employee_00935,41,158095,6
936,Employee_00936,42,158232,7
937,Employee_00937,43,158369,8
938,Employee_00938,44,158506,9
939,Employee_00939,45,158643,10
940,Employee_00940,46,158780,1
941,Employee_00941,47,158917,2
942,Employee_00942,48,159054,3
943,Employee_00943,49,159191,4
944,Employee_00944,50,159328,5
945,Employee_00945,51,159465,6
946,Employee_00946,52,159602,7
947,Employee_00947,53,159739,8
948,Employee_00948,54,159876,9
949,Employee_00949,55,160013,10
950,Employee_00950,56,160150,1
951,Employee_00951,57,160287,2
952,Employee_00952,58,160424,3
953,Employee_00953,59,160561,4
954,Employee_00954,60,160698,5
955,Employee_00955,61,160835,6
956,Employee_00956,62,160972,7
957,Employee_00957,63,161109,8
958,Employee_00958,64,161246,9
959,Employee_00959,65,161383,10
960,Employee_00960,18,161520,1
961,Employee_00961,19,161657,2
962,Employee_00962,20,161794,3
963,Employee_00963,21,161931,4
964,Employee_00964,22,162068,5
965,Employee_00965,23,162205,6
966,Employee_00966,24,162342,7
967,Employee_00967,25,162479,8
968,Employee_00968,26,162616,9
969,Employee_00969,27,162753,10
970,Employee_00970,28,162890,1
971,Employee_00971,29,163027,2
972,Employee_00972,30,163164,3
973,Employee_00973,31,163301,4
974,Employee_00974,32,163438,5
975,Employee_00975,33,163575,6
976,Employee_00976,34,163712,7
977,Employee_00977,35,163849,8
978,Employee_00978,36,163986,9
979,Employee_00979,37,164123,10
980,Employee_00980,38,164260,1
981,Employee_00981,39,164397,2
982,Employee_00982,40,164534,3
983,Employee_00983,41,164671,4
984,Employee_00984,42,164808,5
985,Employee_00985,43,164945,6
986,Employee_00986,44,165082,7
987,Employee_00987,45,165219,8
988,Employee_00988,46,165356,9
989,Employee_00989,47,165493,10
990,Employee_00990,48,165630,1
991,Employee_00991,49,165767,2
992,Employee_00992,50,165904,3
993,Employee_00993,51,166041,4
994,Employee_00994,52,166178,5
995,Employee_00995,53,166315,6
996,Employee_00996,54,166452,7
997,Employee_00997,55,166589,8
998,Employee_00998,56,166726,9
999,Employee_00999,57,166863,10
1000,Employee_01000,58,167000,1
1001,Employee_01001,59,167137,2
1002,Employee_01002,60,167274,3
1003,Employee_01003,61,167411,4
1004,Employee_01004,62,167548,5
1005,Employee_01005,63,167685,6
1006,Employee_01006,64,167822,7
1007,Employee_01007,65,167959,8
1008,Employee_01008,18,168096,9
1009,Employee_01009,19,168233,10
1010,Employee_01010,20,168370,1
1011,Employee_01011,21,168507,2
1012,Employee_01012,22,168644,3
1013,Employee_01013,23,168781,4
1014,Employee_01014,24,168918,5
1015,Employee_01015,25,169055,6
1016,Employee_01016,26,169192,7
1017,Employee_01017,27,169329,8
1018,Employee_01018,28,169466,9
1019,Employee_01019,29,169603,10
1020,Employee_01020,30,169740,1
1021,Employee_01021,31,169877,2
1022,Employee_01022,32,170014,3
1023,Employee_01023,33,170151,4
1024,Employee_01024,34,170288,5
1025,Employee_01025,35,170425,6
1026,Employee_01026,36,170562,7
1027,Employee_01027,37,170699,8
1028,Employee_01028,38,170836,9
1029,Employee_01029,39,170973,10
1030,Employee_01030,40,171110,1
1031,Employee_01031,41,171247,2
1032,Employee_01032,42,171384,3
1033,Employee_01033,43,171521,4
1034,Employee_01034,44,171658,5
1035,Employee_01035,45,171795,6
1036,Employee_01036,46,171932,7
1037,Employee_01037,47,172069,8
1038,Employee_01038,48,172206,9
1039,Employee_01039,49,172343,10
1040,Employee_01040,50,172480,1
1041,Employee_01041,51,172617,2
1042,Employee_01042,52,172754,3
1043,Employee_01043,53,172891,4
1044,Employee_01044,54,173028,5
1045,Employee_01045,55,173165,6
1046,Employee_01046,56,173302,7
1047,Employee_01047,57,173439,8
1048,Employee_01048,58,173576,9
1049,Employee_01049,59,173713,10
1050,Employee_01050,60,173850,1
1051,Employee_01051,61,173987,2
1052,Employee_01052,62,174124,3
1053,Employee_01053,63,174261,4
1054,Employee_01054,64,174398,5
1055,Employee_01055,65,174535,6
1056,Employee_01056,18,174672,7
1057,Employee_01057,19,174809,8
1058,Employee_01058,20,174946,9
1059,Employee_01059,21,175083,10
1060,Employee_01060,22,175220,1
1061,Employee_01061,23,175357,2
1062,Employee_01062,24,175494,3
1063,Employee_01063,25,175631,4
1064,Employee_01064,26,175768,5
1065,Employee_01065,27,175905,6
1066,Employee_01066,28,176042,7
1067,Employee_01067,29,176179,8
1068,Employee_01068,30,176316,9
1069,Employee_01069,31,176453,10
1070,Employee_01070,32,176590,1
1071,Employee_01071,33,176727,2
1072,Employee_01072,34,176864,3
1073,Employee_01073,35,177001,4
1074,Employee_01074,36,177138,5
1075,Employee_01075,37,177275,6
1076,Employee_01076,38,177412,7
1077,Employee_01077,39,177549,8
1078,Employee_01078,40,177686,9
1079,Employee_01079,41,177823,10
1080,Employee_01080,42,177960,1
1081,Employee_01081,43,178097,2
1082,Employee_01082,44,178234,3
1083,Employee_01083,45,178371,4
1084,Employee_01084,46,178508,5
1085,Employee_01085,47,178645,6
1086,Employee_01086,48,178782,7
1087,Employee_01087,49,178919,8
1088,Employee_01088,50,179056,9
1089,Employee_01089,51,179193,10
1090,Employee_01090,52,179330,1
1091,Employee_01091,53,179467,2
1092,Employee_01092,54,179604,3
1093,Employee_01093,55,179741,4
1094,Employee_01094,56,179878,5
1095,Employee_01095,57,180015,6
1096,Employee_01096,58,180152,7
1097,Employee_01097,59,180289,8
1098,Employee_01098,60,180426,9
1099,Employee_01099,61,180563,10
1100,Employee_01100,62,180700,1
1101,Employee_01101,63,180837,2
1102,Employee_01102,64,180974,3
1103,Employee_01103,65,181111,4
1104,Employee_01104,18,181248,5
1105,Employee_01105,19,181385,6
1106,Employee_01106,20,181522,7
1107,Employee_01107,21,181659,8
1108,Employee_01108,22,181796,9
1109,Employee_01109,23,181933,10
1110,Employee_01110,24,182070,1
1111,Employee_01111,25,182207,2
1112,Employee_01112,26,182344,3
1113,Employee_01113,27,182481,4
1114,Employee_01114,28,182618,5
1115,Employee_01115,29,182755,6
1116,Employee_01116,30,182892,7
1117,Employee_01117,31,183029,8
1118,Employee_01118,32,183166,9
1119,Employee_01119,33,183303,10
1120,Employee_01120,34,183440,1
1121,Employee_01121,35,183577,2
1122,Employee_01122,36,183714,3
1123,Employee_01123,37,183851,4
1124,Employee_01124,38,183988,5
1125,Employee_01125,39,184125,6
1126,Employee_01126,40,184262,7
1127,Employee_01127,41,184399,8
1128,Employee_01128,42,184536,9
1129,Employee_01129,43,184673,10
1130,Employee_01130,44,184810,1
1131,Employee_01131,45,184947,2
1132,Employee_01132,46,185084,3
1133,Employee_01133,47,185221,4
1134,Employee_01134,48,185358,5
1135,Employee_01135,49,185495,6
1136,Employee_01136,50,185632,7
1137,Employee_01137,51,185769,8
1138,Employee_01138,52,185906,9
1139,Employee_01139,53,186043,10
1140,Employee_01140,54,186180,1
1141,Employee_01141,55,186317,2
1142,Employee_01142,56,186454,3
1143,Employee_01143,57,186591,4
1144,Employee_01144,58,186728,5
1145,Employee_01145,59,186865,6
1146,Employee_01146,60,187002,7
1147,Employee_01147,61,187139,8
1148,Employee_01148,62,187276,9
1149,Employee_01149,63,187413,10
1150,Employee_01150,64,187550,1
1151,Employee_01151,65,187687,2
1152,Employee_01152,18,187824,3
1153,Employee_01153,19,187961,4
1154,Employee_01154,20,188098,5
1155,Employee_01155,21,188235,6
1156,Employee_01156,22,188372,7
1157,Employee_01157,23,188509,8
1158,Employee_01158,24,188646,9
1159,Employee_01159,25,188783,10
1160,Employee_01160,26,188920,1
1161,Employee_01161,27,189057,2
1162,Employee_01162,28,189194,3
1163,Employee_01163,29,189331,4
1164,Employee_01164,30,189468,5
1165,Employee_01165,31,189605,6
1166,Employee_01166,32,189742,7
1167,Employee_01167,33,189879,8
1168,Employee_01168,34,190016,9
1169,Employee_01169,35,190153,10
1170,Employee_01170,36,190290,1
1171,Employee_01171,37,190427,2
1172,Employee_01172,38,190564,3
1173,Employee_01173,39,190701,4
1174,Employee_01174,40,190838,5
1175,Employee_01175,41,190975,6
1176,Employee_01176,42,191112,7
1177,Employee_01177,43,191249,8
1178,Employee_01178,44,191386,9
1179,Employee_01179,45,191523,10
1180,Employee_01180,46,191660,1
1181,Employee_01181,47,191797,2
1182,Employee_01182,48,191934,3
1183,Employee_01183,49,192071,4
1184,Employee_01184,50,192208,5
1185,Employee_01185,51,192345,6
1186,Employee_01186,52,192482,7
1187,Employee_01187,53,192619,8
1188,Employee_01188,54,192756,9
1189,Employee_01189,55,192893,10
1190,Employee_01190,56,193030,1
1191,Employee_01191,57,193167,2
1192,Employee_01192,58,193304,3
1193,Employee_01193,59,193441,4
1194,Employee_01194,60,193578,5
1195,Employee_01195,61,193715,6
1196,Employee_01196,62,193852,7
1197,Employee_01197,63,193989,8
1198,Employee_01198,64,194126,9
1199,Employee_01199,65,194263,10
1200,Employee_01200,18,194400,1
1201,Employee_01201,19,194537,2
1202,Employee_01202,20,194674,3
1203,Employee_01203,21,194811,4
1204,Employee_01204,22,194948,5
1205,Employee_01205,23,195085,6
1206,Employee_01206,24,195222,7
1207,Employee_01207,25,195359,8
1208,Employee_01208,26,195496,9
1209,Employee_01209,27,195633,10
1210,Employee_01210,28,195770,1
1211,Employee_01211,29,195907,2
1212,Employee_01212,30,196044,3
1213,Employee_01213,31,196181,4
1214,Employee_01214,32,196318,5
1215,Employee_01215,33,196455,6
1216,Employee_01216,34,196592,7
1217,Employee_01217,35,196729,8
1218,Employee_01218,36,196866,9
1219,Employee_01219,37,197003,10
1220,Employee_01220,38,197140,1
1221,Employee_01221,39,197277,2
1222,Employee_01222,40,197414,3
1223,Employee_01223,41,197551,4
1224,Employee_01224,42,197688,5
1225,Employee_01225,43,197825,6
1226,Employee_01226,44,197962,7
1227,Employee_01227,45,198099,8
1228,Employee_01228,46,198236,9
1229,Employee_01229,47,198373,10
1230,Employee_01230,48,198510,1
1231,Employee_01231,49,198647,2
1232,Employee_01232,50,198784,3
1233,Employee_01233,51,198921,4
1234,Employee_01234,52,199058,5
1235,Employee_01235,53,199195,6
1236,Employee_01236,54,199332,7
1237,Employee_01237,55,199469,8
1238,Employee_01238,56,199606,9
1239,Employee_01239,57,199743,10
1240,Employee_01240,58,199880,1
1241,Employee_01241,59,30016,2
1242,Employee_01242,60,30153,3
1243,Employee_01243,61,30290,4
1244,Employee_01244,62,30427,5
1245,Employee_01245,63,30564,6
1246,Employee_01246,64,30701,7
1247,Employee_01247,65,30838,8
1248,Employee_01248,18,30975,9
1249,Employee_01249,19,31112,10
1250,Employee_01250,20,31249,1
1251,Employee_01251,21,31386,2
1252,Employee_01252,22,31523,3
1253,Employee_01253,23,31660,4
1254,Employee_01254,24,31797,5
1255,Employee_01255,25,31934,6
1256,Employee_01256,26,32071,7
1257,Employee_01257,27,32208,8
1258,Employee_01258,28,32345,9
1259,Employee_01259,29,32482,10
1260,Employee_01260,30,32619,1
1261,Employee_01261,31,32756,2
1262,Employee_01262,32,32893,3
1263,Employee_01263,33,33030,4
1264,Employee_01264,34,33167,5
1265,Employee_01265,35,33304,6
1266,Employee_01266,36,33441,7
1267,Employee_01267,37,33578,8
1268,Employee_01268,38,33715,9
1269,Employee_01269,39,33852,10
1270,Employee_01270,40,33989,1
1271,Employee_01271,41,34126,2
1272,Employee_01272,42,34263,3
1273,Employee_01273,43,34400,4
1274,Employee_01274,44,34537,5
1275,Employee_01275,45,34674,6
1276,Employee_01276,46,34811,7
1277,Employee_01277,47,34948,8
1278,Employee_01278,48,35085,9
1279,Employee_01279,49,35222,10
1280,Employee_01280,50,35359,1
1281,Employee_01281,51,35496,2
1282,Employee_01282,52,35633,3
1283,Employee_01283,53,35770,4
1284,Employee_01284,54,35907,5
1285,Employee_01285,55,36044,6
1286,Employee_01286,56,36181,7
1287,Employee_01287,57,36318,8
1288,Employee_01288,58,36455,9
1289,Employee_01289,59,36592,10
1290,Employee_01290,60,36729,1
1291,Employee_01291,61,36866,2
1292,Employee_01292,62,37003,3
1293,Employee_01293,63,37140,4
1294,Employee_01294,64,37277,5
1295,Employee_01295,65,37414,6
1296,Employee_01296,18,37551,7
1297,Employee_01297,19,37688,8
1298,Employee_01298,20,37825,9
1299,Employee_01299,21,37962,10
1300,Employee_01300,22,38099,1
1301,Employee_01301,23,38236,2
1302,Employee_01302,24,38373,3
1303,Employee_01303,25,38510,4
1304,Employee_01304,26,38647,5
1305,Employee_01305,27,38784,6
1306,Employee_01306,28,38921,7
1307,Employee_01307,29,39058,8
1308,Employee_01308,30,39195,9
1309,Employee_01309,31,39332,10
1310,Employee_01310,32,39469,1
1311,Employee_01311,33,39606,2
1312,Employee_01312,34,39743,3
1313,Employee_01313,35,39880,4
1314,Employee_01314,36,40017,5
1315,Employee_01315,37,40154,6
1316,Employee_01316,38,40291,7
1317,Employee_01317,39,40428,8
1318,Employee_01318,40,40565,9
1319,Employee_01319,41,40702,10
1320,Employee_01320,42,40839,1
1321,Employee_01321,43,40976,2
1322,Employee_01322,44,41113,3
1323,Employee_01323,45,41250,4
1324,Employee_01324,46,41387,5
1325,Employee_01325,47,41524,6
1326,Employee_01326,48,41661,7
1327,Employee_01327,49,41798,8
1328,Employee_01328,50,41935,9
1329,Employee_01329,51,42072,10
1330,Employee_01330,52,42209,1
1331,Employee_01331,53,42346,2
1332,Employee_01332,54,42483,3
1333,Employee_01333,55,42620,4
1334,Employee_01334,56,42757,5
1335,Employee_01335,57,42894,6
1336,Employee_01336,58,43031,7
1337,Employee_01337,59,43168,8
1338,Employee_01338,60,43305,9
1339,Employee_01339,61,43442,10
1340,Employee_01340,62,43579,1
1341,Employee_01341,63,43716,2
1342,Employee_01342,64,43853,3
1343,Employee_01343,65,43990,4
1344,Employee_01344,18,44127,5
1345,Employee_01345,19,44264,6
1346,Employee_01346,20,44401,7
1347,Employee_01347,21,44538,8
1348,Employee_01348,22,44675,9
1349,Employee_01349,23,44812,10
1350,Employee_01350,24,44949,1
1351,Employee_01351,25,45086,2
1352,Employee_01352,26,45223,3
1353,Employee_01353,27,45360,4
1354,Employee_01354,28,45497,5
1355,Employee_01355,29,45634,6
1356,Employee_01356,30,45771,7
1357,Employee_01357,31,45908,8
1358,Employee_01358,32,46045,9
1359,Employee_01359,33,46182,10
1360,Employee_01360,34,46319,1
1361,Employee_01361,35,46456,2
1362,Employee_01362,36,46593,3
1363,Employee_01363,37,46730,4
1364,Employee_01364,38,46867,5
1365,Employee_01365,39,47004,6
1366,Employee_01366,40,47141,7
1367,Employee_01367,41,47278,8
1368,Employee_01368,42,47415,9
1369,Employee_01369,43,47552,10
1370,Employee_01370,44,47689,1
1371,Employee_01371,45,47826,2
1372,Employee_01372,46,47963,3
1373,Employee_01373,47,48100,4
1374,Employee_01374,48,48237,5
1375,Employee_01375,49,48374,6
1376,Employee_01376,50,48511,7
1377,Employee_01377,51,48648,8
1378,Employee_01378,52,48785,9
1379,Employee_01379,53,48922,10
1380,Employee_01380,54,49059,1
1381,Employee_01381,55,49196,2
1382,Employee_01382,56,49333,3
1383,Employee_01383,57,49470,4
1384,Employee_01384,58,49607,5
1385,Employee_01385,59,49744,6
1386,Employee_01386,60,49881,7
1387,Employee_01387,61,50018,8
1388,Employee_01388,62,50155,9
1389,Employee_01389,63,50292,10
1390,Employee_01390,64,50429,1
1391,Employee_01391,65,50566,2
1392,Employee_01392,18,50703,3
1393,Employee_01393,19,50840,4
1394,Employee_01394,20,50977,5
1395,Employee_01395,21,51114,6
1396,Employee_01396,22,51251,7
1397,Employee_01397,23,51388,8
1398,Employee_01398,24,51525,9
1399,Employee_01399,25,51662,10
1400,Employee_01400,26,51799,1
1401,Employee_01401,27,51936,2
1402,Employee_01402,28,52073,3
1403,Employee_01403,29,52210,4
1404,Employee_01404,30,52347,5
1405,Employee_01405,31,52484,6
1406,Employee_01406,32,52621,7
1407,Employee_01407,33,52758,8
1408,Employee_01408,34,52895,9
1409,Employee_01409,35,53032,10
1410,Employee_01410,36,53169,1
1411,Employee_01411,37,53306,2
1412,Employee_01412,38,53443,3
1413,Employee_01413,39,53580,4
1414,Employee_01414,40,53717,5
1415,Employee_01415,41,53854,6
1416,Employee_01416,42,53991,7
1417,Employee_01417,43,54128,8
1418,Employee_01418,44,54265,9
1419,Employee_01419,45,54402,10
1420,Employee_01420,46,54539,1
1421,Employee_01421,47,54676,2
1422,Employee_01422,48,54813,3
1423,Employee_01423,49,54950,4
1424,Employee_01424,50,55087,5
1425,Employee_01425,51,55224,6
1426,Employee_01426,52,55361,7
1427,Employee_01427,53,55498,8
1428,Employee_01428,54,55635,9
1429,Employee_01429,55,55772,10
1430,Employee_01430,56,55909,1
1431,Employee_01431,57,56046,2
1432,Employee_01432,58,56183,3
1433,Employee_01433,59,56320,4
1434,Employee_01434,60,56457,5
1435,Employee_01435,61,56594,6
1436,Employee_01436,62,56731,7
1437,Employee_01437,63,56868,8
1438,Employee_01438,64,57005,9
1439,Employee_01439,65,57142,10
1440,Employee_01440,18,57279,1
1441,Employee_01441,19,57416,2
1442,Employee_01442,20,57553,3
1443,Employee_01443,21,57690,4
1444,Employee_01444,22,57827,5
1445,Employee_01445,23,57964,6
1446,Employee_01446,24,58101,7
1447,Employee_01447,25,58238,8
1448,Employee_01448,26,58375,9
1449,Employee_01449,27,58512,10
1450,Employee_01450,28,58649,1
1451,Employee_01451,29,58786,2
1452,Employee_01452,30,58923,3
1453,Employee_01453,31,59060,4
1454,Employee_01454,32,59197,5
1455,Employee_01455,33,59334,6
1456,Employee_01456,34,59471,7
1457,Employee_01457,35,59608,8
1458,Employee_01458,36,59745,9
1459,Employee_01459,37,59882,10
1460,Employee_01460,38,60019,1
1461,Employee_01461,39,60156,2
1462,Employee_01462,40,60293,3
1463,Employee_01463,41,60430,4
1464,Employee_01464,42,60567,5
1465,Employee_01465,43,60704,6
1466,Employee_01466,44,60841,7
1467,Employee_01467,45,60978,8
1468,Employee_01468,46,61115,9
1469,Employee_01469,47,61252,10
1470,Employee_01470,48,61389,1
1471,Employee_01471,49,61526,2
1472,Employee_01472,50,61663,3
1473,Employee_01473,51,61800,4
1474,Employee_01474,52,61937,5
1475,Employee_01475,53,62074,6
1476,Employee_01476,54,62211,7
1477,Employee_01477,55,62348,8
1478,Employee_01478,56,62485,9
1479,Employee_01479,57,62622,10
1480,Employee_01480,58,62759,1
1481,Employee_01481,59,62896,2
1482,Employee_01482,60,63033,3
1483,Employee_01483,61,63170,4
1484,Employee_01484,62,63307,5
1485,Employee_01485,63,63444,6
1486,Employee_01486,64,63581,7
1487,Employee_01487,65,63718,8
1488,Employee_01488,18,63855,9
1489,Employee_01489,19,63992,10
1490,Employee_01490,20,64129,1
1491,Employee_01491,21,64266,2
1492,Employee_01492,22,64403,3
1493,Employee_01493,23,64540,4
1494,Employee_01494,24,64677,5
1495,Employee_01495,25,64814,6
1496,Employee_01496,26,64951,7
1497,Employee_01497,27,65088,8
1498,Employee_01498,28,65225,9
1499,Employee_01499,29,65362,10
1500,Employee_01500,30,65499,1
1501,Employee_01501,31,65636,2
1502,Employee_01502,32,65773,3
1503,Employee_01503,33,65910,4
1504,Employee_01504,34,66047,5
1505,Employee_01505,35,66184,6
1506,Employee_01506,36,66321,7
1507,Employee_01507,37,66458,8
1508,Employee_01508,38,66595,9
1509,Employee_01509,39,66732,10
1510,Employee_01510,40,66869,1
1511,Employee_01511,41,67006,2
1512,Employee_01512,42,67143,3
1513,Employee_01513,43,67280,4
1514,Employee_01514,44,67417,5
1515,Employee_01515,45,67554,6
1516,Employee_01516,46,67691,7
1517,Employee_01517,47,67828,8
1518,Employee_01518,48,67965,9
1519,Employee_01519,49,68102,10
1520,Employee_01520,50,68239,1
1521,Employee_01521,51,68376,2
1522,Employee_01522,52,68513,3
1523,Employee_01523,53,68650,4
1524,Employee_01524,54,68787,5
1525,Employee_01525,55,68924,6
1526,Employee_01526,56,69061,7
1527,Employee_01527,57,69198,8
1528,Employee_01528,58,69335,9
1529,Employee_01529,59,69472,10
1530,Employee_01530,60,69609,1
1531,Employee_01531,61,69746,2
1532,Employee_01532,62,69883,3
1533,Employee_01533,63,70020,4
1534,Employee_01534,64,70157,5
1535,Employee_01535,65,70294,6
1536,Employee_01536,18,70431,7
1537,Employee_01537,19,70568,8
1538,Employee_01538,20,70705,9
1539,Employee_01539,21,70842,10
1540,Employee_01540,22,70979,1
1541,Employee_01541,23,71116,2
1542,Employee_01542,24,71253,3
1543,Employee_01543,25,71390,4
1544,Employee_01544,26,71527,5
1545,Employee_01545,27,71664,6
1546,Employee_01546,28,71801,7
1547,Employee_01547,29,71938,8
1548,Employee_01548,30,72075,9
1549,Employee_01549,31,72212,10
1550,Employee_01550,32,72349,1
1551,Employee_01551,33,72486,2
1552,Employee_01552,34,72623,3
1553,Employee_01553,35,72760,4
1554,Employee_01554,36,72897,5
1555,Employee_01555,37,73034,6
1556,Employee_01556,38,73171,7
1557,Employee_01557,39,73308,8
1558,Employee_01558,40,73445,9
1559,Employee_01559,41,73582,10
1560,Employee_01560,42,73719,1
1561,Employee_01561,43,73856,2
1562,Employee_01562,44,73993,3
1563,Employee_01563,45,74130,4
1564,Employee_01564,46,74267,5
1565,Employee_01565,47,74404,6
1566,Employee_01566,48,74541,7
1567,Employee_01567,49,74678,8
1568,Employee_01568,50,74815,9
1569,Employee_01569,51,74952,10
1570,Employee_01570,52,75089,1
1571,Employee_01571,53,75226,2
1572,Employee_01572,54,75363,3
1573,Employee_01573,55,75500,4
1574,Employee_01574,56,75637,5
1575,Employee_01575,57,75774,6
1576,Employee_01576,58,75911,7
1577,Employee_01577,59,76048,8
1578,Employee_01578,60,76185,9
1579,Employee_01579,61,76322,10
1580,Employee_01580,62,76459,1
1581,Employee_01581,63,76596,2
1582,Employee_01582,64,76733,3
1583,Employee_01583,65,76870,4
1584,Employee_01584,18,77007,5
1585,Employee_01585,19,77144,6
1586,Employee_01586,20,77281,7
1587,Employee_01587,21,77418,8
1588,Employee_01588,22,77555,9
1589,Employee_01589,23,77692,10
1590,Employee_01590,24,77829,1
1591,Employee_01591,25,77966,2
1592,Employee_01592,26,78103,3
1593,Employee_01593,27,78240,4
1594,Employee_01594,28,78377,5
1595,Employee_01595,29,78514,6
1596,Employee_01596,30,78651,7
1597,Employee_01597,31,78788,8
1598,Employee_01598,32,78925,9
1599,Employee_01599,33,79062,10
1600,Employee_01600,34,79199,1
1601,Employee_01601,35,79336,2
1602,Employee_01602,36,79473,3
1603,Employee_01603,37,79610,4
1604,Employee_01604,38,79747,5
1605,Employee_01605,39,79884,6
1606,Employee_01606,40,80021,7
1607,Employee_01607,41,80158,8
1608,Employee_01608,42,80295,9
1609,Employee_01609,43,80432,10
1610,Employee_01610,44,80569,1
1611,Employee_01611,45,80706,2
1612,Employee_01612,46,80843,3
1613,Employee_01613,47,80980,4
1614,Employee_01614,48,81117,5
1615,Employee_01615,49,81254,6
1616,Employee_01616,50,81391,7
1617,Employee_01617,51,81528,8
1618,Employee_01618,52,81665,9
1619,Employee_01619,53,81802,10
1620,Employee_01620,54,81939,1
1621,Employee_01621,55,82076,2
1622,Employee_01622,56,82213,3
1623,Employee_01623,57,82350,4
1624,Employee_01624,58,82487,5
1625,Employee_01625,59,82624,6
1626,Employee_01626,60,82761,7
1627,Employee_01627,61,82898,8
1628,Employee_01628,62,83035,9
1629,Employee_01629,63,83172,10
1630,Employee_01630,64,83309,1
1631,Employee_01631,65,83446,2
1632,Employee_01632,18,83583,3
1633,Employee_01633,19,83720,4
1634,Employee_01634,20,83857,5
1635,Employee_01635,21,83994,6
1636,Employee_01636,22,84131,7
1637,Employee_01637,23,84268,8
1638,Employee_01638,24,84405,9
1639,Employee_01639,25,84542,10
1640,Employee_01640,26,84679,1
1641,Employee_01641,27,84816,2
1642,Employee_01642,28,84953,3
1643,Employee_01643,29,85090,4
1644,Employee_01644,30,85227,5
1645,Employee_01645,31,85364,6
1646,Employee_01646,32,85501,7
1647,Employee_01647,33,85638,8
1648,Employee_01648,34,85775,9
1649,Employee_01649,35,85912,10
1650,Employee_01650,36,86049,1
1651,Employee_01651,37,86186,2
1652,Employee_01652,38,86323,3
1653,Employee_01653,39,86460,4
1654,Employee_01654,40,86597,5
1655,Employee_01655,41,86734,6
1656,Employee_01656,42,86871,7
1657,Employee_01657,43,87008,8
1658,Employee_01658,44,87145,9
1659,Employee_01659,45,87282,10
1660,Employee_01660,46,87419,1
1661,Employee_01661,47,87556,2
1662,Employee_01662,48,87693,3
1663,Employee_01663,49,87830,4
1664,Employee_01664,50,87967,5
1665,Employee_01665,51,88104,6
1666,Employee_01666,52,88241,7
1667,Employee_01667,53,88378,8
1668,Employee_01668,54,88515,9
1669,Employee_01669,55,88652,10
1670,Employee_01670,56,88789,1
1671,Employee_01671,57,88926,2
1672,Employee_01672,58,89063,3
1673,Employee_01673,59,89200,4
1674,Employee_01674,60,89337,5
1675,Employee_01675,61,89474,6
1676,Employee_01676,62,89611,7
1677,Employee_01677,63,89748,8
1678,Employee_01678,64,89885,9
1679,Employee_01679,65,90022,10
1680,Employee_01680,18,90159,1
1681,Employee_01681,19,90296,2
1682,Employee_01682,20,90433,3
1683,Employee_01683,21,90570,4
1684,Employee_01684,22,90707,5
1685,Employee_01685,23,90844,6
1686,Employee_01686,24,90981,7
1687,Employee_01687,25,91118,8
1688,Employee_01688,26,91255,9
1689,Employee_01689,27,91392,10
1690,Employee_01690,28,91529,1
1691,Employee_01691,29,91666,2
1692,Employee_01692,30,91803,3
1693,Employee_01693,31,91940,4
1694,Employee_01694,32,92077,5
1695,Employee_01695,33,92214,6
1696,Employee_01696,34,92351,7
1697,Employee_01697,35,92488,8
1698,Employee_01698,36,92625,9
1699,Employee_01699,37,92762,10
1700,Employee_01700,38,92899,1
1701,Employee_01701,39,93036,2
1702,Employee_01702,40,93173,3
1703,Employee_01703,41,93310,4
1704,Employee_01704,42,93447,5
1705,Employee_01705,43,93584,6
1706,Employee_01706,44,93721,7
1707,Employee_01707,45,93858,8
1708,Employee_01708,46,93995,9
1709,Employee_01709,47,94132,10
1710,Employee_01710,48,94269,1
1711,Employee_01711,49,94406,2
1712,Employee_01712,50,94543,3
1713,Employee_01713,51,94680,4
1714,Employee_01714,52,94817,5
1715,Employee_01715,53,94954,6
1716,Employee_01716,54,95091,7
1717,Employee_01717,55,95228,8
1718,Employee_01718,56,95365,9
1719,Employee_01719,57,95502,10
1720,Employee_01720,58,95639,1
1721,Employee_01721,59,95776,2
1722,Employee_01722,60,95913,3
1723,Employee_01723,61,96050,4
1724,Employee_01724,62,96187,5
1725,Employee_01725,63,96324,6
1726,Employee_01726,64,96461,7
1727,Employee_01727,65,96598,8
1728,Employee_01728,18,96735,9
1729,Employee_01729,19,96872,10
1730,Employee_01730,20,97009,1
1731,Employee_01731,21,97146,2
1732,Employee_01732,22,97283,3
1733,Employee_01733,23,97420,4
1734,Employee_01734,24,97557,5
1735,Employee_01735,25,97694,6
1736,Employee_01736,26,97831,7
1737,Employee_01737,27,97968,8
1738,Employee_01738,28,98105,9
1739,Employee_01739,29,98242,10
1740,Employee_01740,30,98379,1
1741,Employee_01741,31,98516,2
1742,Employee_01742,32,98653,3
1743,Employee_01743,33,98790,4
1744,Employee_01744,34,98927,5
1745,Employee_01745,35,99064,6
1746,Employee_01746,36,99201,7
1747,Employee_01747,37,99338,8
1748,Employee_01748,38,99475,9
1749,Employee_01749,39,99612,10
1750,Employee_01750,40,99749,1
1751,Employee_01751,41,99886,2
1752,Employee_01752,42,100023,3
1753,Employee_01753,43,100160,4
1754,Employee_01754,44,100297,5
1755,Employee_01755,45,100434,6
1756,Employee_01756,46,100571,7
1757,Employee_01757,47,100708,8
1758,Employee_01758,48,100845,9
1759,Employee_01759,49,100982,10
1760,Employee_01760,50,101119,1
1761,Employee_01761,51,101256,2
1762,Employee_01762,52,101393,3
1763,Employee_01763,53,101530,4
1764,Employee_01764,54,101667,5
1765,Employee_01765,55,101804,6
1766,Employee_01766,56,101941,7
1767,Employee_01767,57,102078,8
1768,Employee_01768,58,102215,9
1769,Employee_01769,59,102352,10
1770,Employee_01770,60,102489,1
1771,Employee_01771,61,102626,2
1772,Employee_01772,62,102763,3
1773,Employee_01773,63,102900,4
1774,Employee_01774,64,103037,5
1775,Employee_01775,65,103174,6
1776,Employee_01776,18,103311,7
1777,Employee_01777,19,103448,8
1778,Employee_01778,20,103585,9
1779,Employee_01779,21,103722,10
1780,Employee_01780,22,103859,1
1781,Employee_01781,23,103996,2
1782,Employee_01782,24,104133,3
1783,Employee_01783,25,104270,4
1784,Employee_01784,26,104407,5
1785,Employee_01785,27,104544,6
1786,Employee_01786,28,104681,7
1787,Employee_01787,29,104818,8
1788,Employee_01788,30,104955,9
1789,Employee_01789,31,105092,10
1790,Employee_01790,32,105229,1
1791,Employee_01791,33,105366,2
1792,Employee_01792,34,105503,3
1793,Employee_01793,35,105640,4
1794,Employee_01794,36,105777,5
1795,Employee_01795,37,105914,6
1796,Employee_01796,38,106051,7
1797,Employee_01797,39,106188,8
1798,Employee_01798,40,106325,9
1799,Employee_01799,41,106462,10
1800,Employee_01800,42,106599,1
1801,Employee_01801,43,106736,2
1802,Employee_01802,44,106873,3
1803,Employee_01803,45,107010,4
1804,Employee_01804,46,107147,5
1805,Employee_01805,47,107284,6
1806,Employee_01806,48,107421,7
1807,Employee_01807,49,107558,8
1808,Employee_01808,50,107695,9
1809,Employee_01809,51,107832,10
1810,Employee_01810,52,107969,1
1811,Employee_01811,53,108106,2
1812,Employee_01812,54,108243,3
1813,Employee_01813,55,108380,4
1814,Employee_01814,56,108517,5
1815,Employee_01815,57,108654,6
1816,Employee_01816,58,108791,7
1817,Employee_01817,59,108928,8
1818,Employee_01818,60,109065,9
1819,Employee_01819,61,109202,10
1820,Employee_01820,62,109339,1
1821,Employee_01821,63,109476,2
1822,Employee_01822,64,109613,3
1823,Employee_01823,65,109750,4
1824,Employee_01824,18,109887,5
1825,Employee_01825,19,110024,6
1826,Employee_01826,20,110161,7
1827,Employee_01827,21,110298,8
1828,Employee_01828,22,110435,9
1829,Employee_01829,23,110572,10
1830,Employee_01830,24,110709,1
1831,Employee_01831,25,110846,2
1832,Employee_01832,26,110983,3
1833,Employee_01833,27,111120,4
1834,Employee_01834,28,111257,5
1835,Employee_01835,29,111394,6
1836,Employee_01836,30,111531,7
1837,Employee_01837,31,111668,8
1838,Employee_01838,32,111805,9
1839,Employee_01839,33,111942,10
1840,Employee_01840,34,112079,1
1841,Employee_01841,35,112216,2
1842,Employee_01842,36,112353,3
1843,Employee_01843,37,112490,4
1844,Employee_01844,38,112627,5
1845,Employee_01845,39,112764,6
1846,Employee_01846,40,112901,7
1847,Employee_01847,41,113038,8
1848,Employee_01848,42,113175,9
1849,Employee_01849,43,113312,10
1850,Employee_01850,44,113449,1
1851,Employee_01851,45,113586,2
1852,Employee_01852,46,113723,3
1853,Employee_01853,47,113860,4
1854,Employee_01854,48,113997,5
1855,Employee_01855,49,114134,6
1856,Employee_01856,50,114271,7
1857,Employee_01857,51,114408,8
1858,Employee_01858,52,114545,9
1859,Employee_01859,53,114682,10
1860,Employee_01860,54,114819,1
1861,Employee_01861,55,114956,2
1862,Employee_01862,56,115093,3
1863,Employee_01863,57,115230,4
1864,Employee_01864,58,115367,5
1865,Employee_01865,59,115504,6
1866,Employee_01866,60,115641,7
1867,Employee_01867,61,115778,8
1868,Employee_01868,62,115915,9
1869,Employee_01869,63,116052,10
1870,Employee_01870,64,116189,1
1871,Employee_01871,65,116326,2
1872,Employee_01872,18,116463,3
1873,Employee_01873,19,116600,4
1874,Employee_01874,20,116737,5
1875,Employee_01875,21,116874,6
1876,Employee_01876,22,117011,7
1877,Employee_01877,23,117148,8
1878,Employee_01878,24,117285,9
1879,Employee_01879,25,117422,10
1880,Employee_01880,26,117559,1
1881,Employee_01881,27,117696,2
1882,Employee_01882,28,117833,3
1883,Employee_01883,29,117970,4
1884,Employee_01884,30,118107,5
1885,Employee_01885,31,118244,6
1886,Employee_01886,32,118381,7
1887,Employee_01887,33,118518,8
1888,Employee_01888,34,118655,9
1889,Employee_01889,35,118792,10
1890,Employee_01890,36,118929,1
1891,Employee_01891,37,119066,2
1892,Employee_01892,38,119203,3
1893,Employee_01893,39,119340,4
1894,Employee_01894,40,119477,5
1895,Employee_01895,41,119614,6
1896,Employee_01896,42,119751,7
1897,Employee_01897,43,119888,8
1898,Employee_01898,44,120025,9
1899,Employee_01899,45,120162,10
1900,Employee_01900,46,120299,1
1901,Employee_01901,47,120436,2
1902,Employee_01902,48,120573,3
1903,Employee_01903,49,120710,4
1904,Employee_01904,50,120847,5
1905,Employee_01905,51,120984,6
1906,Employee_01906,52,121121,7
1907,Employee_01907,53,121258,8
1908,Employee_01908,54,121395,9
1909,Employee_01909,55,121532,10
1910,Employee_01910,56,121669,1
1911,Employee_01911,57,121806,2
1912,Employee_01912,58,121943,3
1913,Employee_01913,59,122080,4
1914,Employee_01914,60,122217,5
1915,Employee_01915,61,122354,6
1916,Employee_01916,62,122491,7
1917,Employee_01917,63,122628,8
1918,Employee_01918,64,122765,9
1919,Employee_01919,65,122902,10
1920,Employee_01920,18,123039,1
1921,Employee_01921,19,123176,2
1922,Employee_01922,20,123313,3
1923,Employee_01923,21,123450,4
1924,Employee_01924,22,123587,5
1925,Employee_01925,23,123724,6
1926,Employee_01926,24,123861,7
1927,Employee_01927,25,123998,8
1928,Employee_01928,26,124135,9
1929,Employee_01929,27,124272,10
1930,Employee_01930,28,124409,1
1931,Employee_01931,29,124546,2
1932,Employee_01932,30,124683,3
1933,Employee_01933,31,124820,4
1934,Employee_01934,32,124957,5
1935,Employee_01935,33,125094,6
1936,Employee_01936,34,125231,7
1937,Employee_01937,35,125368,8
1938,Employee_01938,36,125505,9
1939,Employee_01939,37,125642,10
1940,Employee_01940,38,125779,1
1941,Employee_01941,39,125916,2
1942,Employee_01942,40,126053,3
1943,Employee_01943,41,126190,4
1944,Employee_01944,42,126327,5
1945,Employee_01945,43,126464,6
1946,Employee_01946,44,126601,7
1947,Employee_01947,45,126738,8
1948,Employee_01948,46,126875,9
1949,Employee_01949,47,127012,10
1950,Employee_01950,48,127149,1
1951,Employee_01951,49,127286,2
1952,Employee_01952,50,127423,3
1953,Employee_01953,51,127560,4
1954,Employee_01954,52,127697,5
1955,Employee_01955,53,127834,6
1956,Employee_01956,54,127971,7
1957,Employee_01957,55,128108,8
1958,Employee_01958,56,128245,9
1959,Employee_01959,57,128382,10
1960,Employee_01960,58,128519,1
1961,Employee_01961,59,128656,2
1962,Employee_01962,60,128793,3
1963,Employee_01963,61,128930,4
1964,Employee_01964,62,129067,5
1965,Employee_01965,63,129204,6
1966,Employee_01966,64,129341,7
1967,Employee_01967,65,129478,8
1968,Employee_01968,18,129615,9
1969,Employee_01969,19,129752,10
1970,Employee_01970,20,129889,1
1971,Employee_01971,21,130026,2
1972,Employee_01972,22,130163,3
1973,Employee_01973,23,130300,4
1974,Employee_01974,24,130437,5
1975,Employee_01975,25,130574,6
1976,Employee_01976,26,130711,7
1977,Employee_01977,27,130848,8
1978,Employee_01978,28,130985,9
1979,Employee_01979,29,131122,10
1980,Employee_01980,30,131259,1
1981,Employee_01981,31,131396,2
1982,Employee_01982,32,131533,3
1983,Employee_01983,33,131670,4
1984,Employee_01984,34,131807,5
1985,Employee_01985,35,131944,6
1986,Employee_01986,36,132081,7
1987,Employee_01987,37,132218,8
1988,Employee_01988,38,132355,9
1989,Employee_01989,39,132492,10
1990,Employee_01990,40,132629,1
1991,Employee_01991,41,132766,2
1992,Employee_01992,42,132903,3
1993,Employee_01993,43,133040,4
1994,Employee_01994,44,133177,5
1995,Employee_01995,45,133314,6
1996,Employee_01996,46,133451,7
1997,Employee_01997,47,133588,8
1998,Employee_01998,48,133725,9
1999,Employee_01999,49,133862,10
2000,Employee_02000,50,133999,1
2001,Employee_02001,51,134136,2
2002,Employee_02002,52,134273,3
2003,Employee_02003,53,134410,4
2004,Employee_02004,54,134547,5
2005,Employee_02005,55,134684,6
2006,Employee_02006,56,134821,7
2007,Employee_02007,57,134958,8
2008,Employee_02008,58,135095,9
2009,Employee_02009,59,135232,10
2010,Employee_02010,60,135369,1
2011,Employee_02011,61,135506,2
2012,Employee_02012,62,135643,3
2013,Employee_02013,63,135780,4
2014,Employee_02014,64,135917,5
2015,Employee_02015,65,136054,6
2016,Employee_02016,18,136191,7
2017,Employee_02017,19,136328,8
2018,Employee_02018,20,136465,9
2019,Employee_02019,21,136602,10
2020,Employee_02020,22,136739,1
2021,Employee_02021,23,136876,2
2022,Employee_02022,24,137013,3
2023,Employee_02023,25,137150,4
2024,Employee_02024,26,137287,5
2025,Employee_02025,27,137424,6
2026,Employee_02026,28,137561,7
2027,Employee_02027,29,137698,8
2028,Employee_02028,30,137835,9
2029,Employee_02029,31,137972,10
2030,Employee_02030,32,138109,1
2031,Employee_02031,33,138246,2
2032,Employee_02032,34,138383,3
2033,Employee_02033,35,138520,4
2034,Employee_02034,36,138657,5
2035,Employee_02035,37,138794,6
2036,Employee_02036,38,138931,7
2037,Employee_02037,39,139068,8
2038,Employee_02038,40,139205,9
2039,Employee_02039,41,139342,10
2040,Employee_02040,42,139479,1
2041,Employee_02041,43,139616,2
2042,Employee_02042,44,139753,3
2043,Employee_02043,45,139890,4
2044,Employee_02044,46,140027,5
2045,Employee_02045,47,140164,6
2046,Employee_02046,48,140301,7
2047,Employee_02047,49,140438,8
2048,Employee_02048,50,140575,9
2049,Employee_02049,51,140712,10
2050,Employee_02050,52,140849,1
2051,Employee_02051,53,140986,2
2052,Employee_02052,54,141123,3
2053,Employee_02053,55,141260,4
2054,Employee_02054,56,141397,5
2055,Employee_02055,57,141534,6
2056,Employee_02056,58,141671,7
2057,Employee_02057,59,141808,8
2058,Employee_02058,60,141945,9
2059,Employee_02059,61,142082,10
2060,Employee_02060,62,142219,1
2061,Employee_02061,63,142356,2
2062,Employee_02062,64,142493,3
2063,Employee_02063,65,142630,4
2064,Employee_02064,18,142767,5
2065,Employee_02065,19,142904,6
2066,Employee_02066,20,143041,7
2067,Employee_02067,21,143178,8
2068,Employee_02068,22,143315,9
2069,Employee_02069,23,143452,10
2070,Employee_02070,24,143589,1
2071,Employee_02071,25,143726,2
2072,Employee_02072,26,143863,3
2073,Employee_02073,27,144000,4
2074,Employee_02074,28,144137,5
2075,Employee_02075,29,144274,6
2076,Employee_02076,30,144411,7
2077,Employee_02077,31,144548,8
2078,Employee_02078,32,144685,9
2079,Employee_02079,33,144822,10
2080,Employee_02080,34,144959,1
2081,Employee_02081,35,145096,2
2082,Employee_02082,36,145233,3
2083,Employee_02083,37,145370,4
2084,Employee_02084,38,145507,5
2085,Employee_02085,39,145644,6
2086,Employee_02086,40,145781,7
2087,Employee_02087,41,145918,8
2088,Employee_02088,42,146055,9
2089,Employee_02089,43,146192,10
2090,Employee_02090,44,146329,1
2091,Employee_02091,45,146466,2
2092,Employee_02092,46,146603,3
2093,Employee_02093,47,146740,4
2094,Employee_02094,48,146877,5
2095,Employee_02095,49,147014,6
2096,Employee_02096,50,147151,7
2097,Employee_02097,51,147288,8
2098,Employee_02098,52,147425,9
2099,Employee_02099,53,147562,10
2100,Employee_02100,54,147699,1
2101,Employee_02101,55,147836,2
2102,Employee_02102,56,147973,3
2103,Employee_02103,57,148110,4
2104,Employee_02104,58,148247,5
2105,Employee_02105,59,148384,6
2106,Employee_02106,60,148521,7
2107,Employee_02107,61,148658,8
2108,Employee_02108,62,148795,9
2109,Employee_02109,63,148932,10
2110,Employee_02110,64,149069,1
2111,Employee_02111,65,149206,2
2112,Employee_02112,18,149343,3
2113,Employee_02113,19,149480,4
2114,Employee_02114,20,149617,5
2115,Employee_02115,21,149754,6
2116,Employee_02116,22,149891,7
2117,Employee_02117,23,150028,8
2118,Employee_02118,24,150165,9
2119,Employee_02119,25,150302,10
2120,Employee_02120,26,150439,1
2121,Employee_02121,27,150576,2
2122,Employee_02122,28,150713,3
2123,Employee_02123,29,150850,4
2124,Employee_02124,30,150987,5
2125,Employee_02125,31,151124,6
2126,Employee_02126,32,151261,7
2127,Employee_02127,33,151398,8
2128,Employee_02128,34,151535,9
2129,Employee_02129,35,151672,10
2130,Employee_02130,36,151809,1
2131,Employee_02131,37,151946,2
2132,Employee_02132,38,152083,3
2133,Employee_02133,39,152220,4
2134,Employee_02134,40,152357,5
2135,Employee_02135,41,152494,6
2136,Employee_02136,42,152631,7
2137,Employee_02137,43,152768,8
2138,Employee_02138,44,152905,9
2139,Employee_02139,45,153042,10
2140,Employee_02140,46,153179,1
2141,Employee_02141,47,153316,2
2142,Employee_02142,48,153453,3
2143,Employee_02143,49,153590,4
2144,Employee_02144,50,153727,5
2145,Employee_02145,51,153864,6
2146,Employee_02146,52,154001,7
2147,Employee_02147,53,154138,8
2148,Employee_02148,54,154275,9
2149,Employee_02149,55,154412,10
2150,Employee_02150,56,154549,1
2151,Employee_02151,57,154686,2
2152,Employee_02152,58,154823,3
2153,Employee_02153,59,154960,4
2154,Employee_02154,60,155097,5
2155,Employee_02155,61,155234,6
2156,Employee_02156,62,155371,7
2157,Employee_02157,63,155508,8
2158,Employee_02158,64,155645,9
2159,Employee_02159,65,155782,10
2160,Employee_02160,18,155919,1
2161,Employee_02161,19,156056,2
2162,Employee_02162,20,156193,3
2163,Employee_02163,21,156330,4
2164,Employee_02164,22,156467,5
2165,Employee_02165,23,156604,6
2166,Employee_02166,24,156741,7
2167,Employee_02167,25,156878,8
2168,Employee_02168,26,157015,9
2169,Employee_02169,27,157152,10
2170,Employee_02170,28,157289,1
2171,Employee_02171,29,157426,2
2172,Employee_02172,30,157563,3
2173,Employee_02173,31,157700,4
2174,Employee_02174,32,157837,5
2175,Employee_02175,33,157974,6
2176,Employee_02176,34,158111,7
2177,Employee_02177,35,158248,8
2178,Employee_02178,36,158385,9
2179,Employee_02179,37,158522,10
2180,Employee_02180,38,158659,1
2181,Employee_02181,39,158796,2
2182,Employee_02182,40,158933,3
2183,Employee_02183,41,159070,4
2184,Employee_02184,42,159207,5
2185,Employee_02185,43,159344,6
2186,Employee_02186,44,159481,7
2187,Employee_02187,45,159618,8
2188,Employee_02188,46,159755,9
2189,Employee_02189,47,159892,10
2190,Employee_02190,48,160029,1
2191,Employee_02191,49,160166,2
2192,Employee_02192,50,160303,3
2193,Employee_02193,51,160440,4
2194,Employee_02194,52,160577,5
2195,Employee_02195,53,160714,6
2196,Employee_02196,54,160851,7
2197,Employee_02197,55,160988,8
2198,Employee_02198,56,161125,9
2199,Employee_02199,57,161262,10
2200,Employee_02200,58,161399,1
2201,Employee_02201,59,161536,2
2202,Employee_02202,60,161673,3
2203,Employee_02203,61,161810,4
2204,Employee_02204,62,161947,5
2205,Employee_02205,63,162084,6
2206,Employee_02206,64,162221,7
2207,Employee_02207,65,162358,8
2208,Employee_02208,18,162495,9
2209,Employee_02209,19,162632,10
2210,Employee_02210,20,162769,1
2211,Employee_02211,21,162906,2
2212,Employee_02212,22,163043,3
2213,Employee_02213,23,163180,4
2214,Employee_02214,24,163317,5
2215,Employee_02215,25,163454,6
2216,Employee_02216,26,163591,7
2217,Employee_02217,27,163728,8
2218,Employee_02218,28,163865,9
2219,Employee_02219,29,164002,10
2220,Employee_02220,30,164139,1
2221,Employee_02221,31,164276,2
2222,Employee_02222,32,164413,3
2223,Employee_02223,33,164550,4
2224,Employee_02224,34,164687,5
2225,Employee_02225,35,164824,6
2226,Employee_02226,36,164961,7
2227,Employee_02227,37,165098,8
2228,Employee_02228,38,165235,9
2229,Employee_02229,39,165372,10
2230,Employee_02230,40,165509,1
2231,Employee_02231,41,165646,2
2232,Employee_02232,42,165783,3
2233,Employee_02233,43,165920,4
2234,Employee_02234,44,166057,5
2235,Employee_02235,45,166194,6
2236,Employee_02236,46,166331,7
2237,Employee_02237,47,166468,8
2238,Employee_02238,48,166605,9
2239,Employee_02239,49,166742,10
2240,Employee_02240,50,166879,1
2241,Employee_02241,51,167016,2
2242,Employee_02242,52,167153,3
2243,Employee_02243,53,167290,4
2244,Employee_02244,54,167427,5
2245,Employee_02245,55,167564,6
2246,Employee_02246,56,167701,7
2247,Employee_02247,57,167838,8
2248,Employee_02248,58,167975,9
2249,Employee_02249,59,168112,10
2250,Employee_02250,60,168249,1
2251,Employee_02251,61,168386,2
2252,Employee_02252,62,168523,3
2253,Employee_02253,63,168660,4
2254,Employee_02254,64,168797,5
2255,Employee_02255,65,168934,6
2256,Employee_02256,18,169071,7
2257,Employee_02257,19,169208,8
2258,Employee_02258,20,169345,9
2259,Employee_02259,21,169482,10
2260,Employee_02260,22,169619,1
2261,Employee_02261,23,169756,2
2262,Employee_02262,24,169893,3
2263,Employee_02263,25,170030,4
2264,Employee_02264,26,170167,5
2265,Employee_02265,27,170304,6
2266,Employee_02266,28,170441,7
2267,Employee_02267,29,170578,8
2268,Employee_02268,30,170715,9
2269,Employee_02269,31,170852,10
2270,Employee_02270,32,170989,1
2271,Employee_02271,33,171126,2
2272,Employee_02272,34,171263,3
2273,Employee_02273,35,171400,4
2274,Employee_02274,36,171537,5
2275,Employee_02275,37,171674,6
2276,Employee_02276,38,171811,7
2277,Employee_02277,39,171948,8
2278,Employee_02278,40,172085,9
2279,Employee_02279,41,172222,10
2280,Employee_02280,42,172359,1
2281,Employee_02281,43,172496,2
2282,Employee_02282,44,172633,3
2283,Employee_02283,45,172770,4
2284,Employee_02284,46,172907,5
2285,Employee_02285,47,173044,6
2286,Employee_02286,48,173181,7
2287,Employee_02287,49,173318,8
2288,Employee_02288,50,173455,9
2289,Employee_02289,51,173592,10
2290,Employee_02290,52,173729,1
2291,Employee_02291,53,173866,2
2292,Employee_02292,54,174003,3
2293,Employee_02293,55,174140,4
2294,Employee_02294,56,174277,5
2295,Employee_02295,57,174414,6
2296,Employee_02296,58,174551,7
2297,Employee_02297,59,174688,8
2298,Employee_02298,60,174825,9
2299,Employee_02299,61,174962,10
2300,Employee_02300,62,175099,1
2301,Employee_02301,63,175236,2
2302,Employee_02302,64,175373,3
2303,Employee_02303,65,175510,4
2304,Employee_02304,18,175647,5
2305,Employee_02305,19,175784,6
2306,Employee_02306,20,175921,7
2307,Employee_02307,21,176058,8
2308,Employee_02308,22,176195,9
2309,Employee_02309,23,176332,10
2310,Employee_02310,24,176469,1
2311,Employee_02311,25,176606,2
2312,Employee_02312,26,176743,3
2313,Employee_02313,27,176880,4
2314,Employee_02314,28,177017,5
2315,Employee_02315,29,177154,6
2316,Employee_02316,30,177291,7
2317,Employee_02317,31,177428,8
2318,Employee_02318,32,177565,9
2319,Employee_02319,33,177702,10
2320,Employee_02320,34,177839,1
2321,Employee_02321,35,177976,2
2322,Employee_02322,36,178113,3
2323,Employee_02323,37,178250,4
2324,Employee_02324,38,178387,5
2325,Employee_02325,39,178524,6
2326,Employee_02326,40,178661,7
2327,Employee_02327,41,178798,8
2328,Employee_02328,42,178935,9
2329,Employee_02329,43,179072,10
2330,Employee_02330,44,179209,1
2331,Employee_02331,45,179346,2
2332,Employee_02332,46,179483,3
2333,Employee_02333,47,179620,4
2334,Employee_02334,48,179757,5
2335,Employee_02335,49,179894,6
2336,Employee_02336,50,180031,7
2337,Employee_02337,51,180168,8
2338,Employee_02338,52,180305,9
2339,Employee_02339,53,180442,10
2340,Employee_02340,54,180579,1
2341,Employee_02341,55,180716,2
2342,Employee_02342,56,180853,3
2343,Employee_02343,57,180990,4
2344,Employee_02344,58,181127,5
2345,Employee_02345,59,181264,6
2346,Employee_02346,60,181401,7
2347,Employee_02347,61,181538,8
2348,Employee_02348,62,181675,9
2349,Employee_02349,63,181812,10
2350,Employee_02350,64,181949,1
2351,Employee_02351,65,182086,2
2352,Employee_02352,18,182223,3
2353,Employee_02353,19,182360,4
2354,Employee_02354,20,182497,5
2355,Employee_02355,21,182634,6
2356,Employee_02356,22,182771,7
2357,Employee_02357,23,182908,8
2358,Employee_02358,24,183045,9
2359,Employee_02359,25,183182,10
2360,Employee_02360,26,183319,1
2361,Employee_02361,27,183456,2
2362,Employee_02362,28,183593,3
2363,Employee_02363,29,183730,4
2364,Employee_02364,30,183867,5
2365,Employee_02365,31,184004,6
2366,Employee_02366,32,184141,7
2367,Employee_02367,33,184278,8
2368,Employee_02368,34,184415,9
2369,Employee_02369,35,184552,10
2370,Employee_02370,36,184689,1
2371,Employee_02371,37,184826,2
2372,Employee_02372,38,184963,3
2373,Employee_02373,39,185100,4
2374,Employee_02374,40,185237,5
2375,Employee_02375,41,185374,6
2376,Employee_02376,42,185511,7
2377,Employee_02377,43,185648,8
2378,Employee_02378,44,185785,9
2379,Employee_02379,45,185922,10
2380,Employee_02380,46,186059,1
2381,Employee_02381,47,186196,2
2382,Employee_02382,48,186333,3
2383,Employee_02383,49,186470,4
2384,Employee_02384,50,186607,5
2385,Employee_02385,51,186744,6
2386,Employee_02386,52,186881,7
2387,Employee_02387,53,187018,8
2388,Employee_02388,54,187155,9
2389,Employee_02389,55,187292,10
2390,Employee_02390,56,187429,1
2391,Employee_02391,57,187566,2
2392,Employee_02392,58,187703,3
2393,Employee_02393,59,187840,4
2394,Employee_02394,60,187977,5
2395,Employee_02395,61,188114,6
2396,Employee_02396,62,188251,7
2397,Employee_02397,63,188388,8
2398,Employee_02398,64,188525,9
2399,Employee_02399,65,188662,10
2400,Employee_02400,18,188799,1
2401,Employee_02401,19,188936,2
2402,Employee_02402,20,189073,3
2403,Employee_02403,21,189210,4
2404,Employee_02404,22,189347,5
2405,Employee_02405,23,189484,6
2406,Employee_02406,24,189621,7
2407,Employee_02407,25,189758,8
2408,Employee_02408,26,189895,9
2409,Employee_02409,27,190032,10
2410,Employee_02410,28,190169,1
2411,Employee_02411,29,190306,2
2412,Employee_02412,30,190443,3
2413,Employee_02413,31,190580,4
2414,Employee_02414,32,190717,5
2415,Employee_02415,33,190854,6
2416,Employee_02416,34,190991,7
2417,Employee_02417,35,191128,8
2418,Employee_02418,36,191265,9
2419,Employee_02419,37,191402,10
2420,Employee_02420,38,191539,1
2421,Employee_02421,39,191676,2
2422,Employee_02422,40,191813,3
2423,Employee_02423,41,191950,4
2424,Employee_02424,42,192087,5
2425,Employee_02425,43,192224,6
2426,Employee_02426,44,192361,7
2427,Employee_02427,45,192498,8
2428,Employee_02428,46,192635,9
2429,Employee_02429,47,192772,10
2430,Employee_02430,48,192909,1
2431,Employee_02431,49,193046,2
2432,Employee_02432,50,193183,3
2433,Employee_02433,51,193320,4
2434,Employee_02434,52,193457,5
2435,Employee_02435,53,193594,6
2436,Employee_02436,54,193731,7
2437,Employee_02437,55,193868,8
2438,Employee_02438,56,194005,9
2439,Employee_02439,57,194142,10
2440,Employee_02440,58,194279,1
2441,Employee_02441,59,194416,2
2442,Employee_02442,60,194553,3
2443,Employee_02443,61,194690,4
2444,Employee_02444,62,194827,5
2445,Employee_02445,63,194964,6
2446,Employee_02446,64,195101,7
2447,Employee_02447,65,195238,8
2448,Employee_02448,18,195375,9
2449,Employee_02449,19,195512,10
2450,Employee_02450,20,195649,1
2451,Employee_02451,21,195786,2
2452,Employee_02452,22,195923,3
2453,Employee_02453,23,196060,4
2454,Employee_02454,24,196197,5
2455,Employee_02455,25,196334,6
2456,Employee_02456,26,196471,7
2457,Employee_02457,27,196608,8
2458,Employee_02458,28,196745,9
2459,Employee_02459,29,196882,10
2460,Employee_02460,30,197019,1
2461,Employee_02461,31,197156,2
2462,Employee_02462,32,197293,3
2463,Employee_02463,33,197430,4
2464,Employee_02464,34,197567,5
2465,Employee_02465,35,197704,6
2466,Employee_02466,36,197841,7
2467,Employee_02467,37,197978,8
2468,Employee_02468,38,198115,9
2469,Employee_02469,39,198252,10
2470,Employee_02470,40,198389,1
2471,Employee_02471,41,198526,2
2472,Employee_02472,42,198663,3
2473,Employee_02473,43,198800,4
2474,Employee_02474,44,198937,5
2475,Employee_02475,45,199074,6
2476,Employee_02476,46,199211,7
2477,Employee_02477,47,199348,8
2478,Employee_02478,48,199485,9
2479,Employee_02479,49,199622,10
2480,Employee_02480,50,199759,1
2481,Employee_02481,51,199896,2
2482,Employee_02482,52,30032,3
2483,Employee_02483,53,30169,4
2484,Employee_02484,54,30306,5
2485,Employee_02485,55,30443,6
2486,Employee_02486,56,30580,7
2487,Employee_02487,57,30717,8
2488,Employee_02488,58,30854,9
2489,Employee_02489,59,30991,10
2490,Employee_02490,60,31128,1
2491,Employee_02491,61,31265,2
2492,Employee_02492,62,31402,3
2493,Employee_02493,63,31539,4
2494,Employee_02494,64,31676,5
2495,Employee_02495,65,31813,6
2496,Employee_02496,18,31950,7
2497,Employee_02497,19,32087,8
2498,Employee_02498,20,32224,9
2499,Employee_02499,21,32361,10
2500,Employee_02500,22,32498,1
2501,Employee_02501,23,32635,2
2502,Employee_02502,24,32772,3
2503,Employee_02503,25,32909,4
2504,Employee_02504,26,33046,5
2505,Employee_02505,27,33183,6
2506,Employee_02506,28,33320,7
2507,Employee_02507,29,33457,8
2508,Employee_02508,30,33594,9
2509,Employee_02509,31,33731,10
2510,Employee_02510,32,33868,1
2511,Employee_02511,33,34005,2
2512,Employee_02512,34,34142,3
2513,Employee_02513,35,34279,4
2514,Employee_02514,36,34416,5
2515,Employee_02515,37,34553,6
2516,Employee_02516,38,34690,7
2517,Employee_02517,39,34827,8
2518,Employee_02518,40,34964,9
2519,Employee_02519,41,35101,10
2520,Employee_02520,42,35238,1
2521,Employee_02521,43,35375,2
2522,Employee_02522,44,35512,3
2523,Employee_02523,45,35649,4
2524,Employee_02524,46,35786,5
2525,Employee_02525,47,35923,6
2526,Employee_02526,48,36060,7
2527,Employee_02527,49,36197,8
2528,Employee_02528,50,36334,9
2529,Employee_02529,51,36471,10
2530,Employee_02530,52,36608,1
2531,Employee_02531,53,36745,2
2532,Employee_02532,54,36882,3
2533,Employee_02533,55,37019,4
2534,Employee_02534,56,37156,5
2535,Employee_02535,57,37293,6
2536,Employee_02536,58,37430,7
2537,Employee_02537,59,37567,8
2538,Employee_02538,60,37704,9
2539,Employee_02539,61,37841,10
2540,Employee_02540,62,37978,1
2541,Employee_02541,63,38115,2
2542,Employee_02542,64,38252,3
2543,Employee_02543,65,38389,4
2544,Employee_02544,18,38526,5
2545,Employee_02545,19,38663,6
2546,Employee_02546,20,38800,7
2547,Employee_02547,21,38937,8
2548,Employee_02548,22,39074,9
2549,Employee_02549,23,39211,10
2550,Employee_02550,24,39348,1
2551,Employee_02551,25,39485,2
2552,Employee_02552,26,39622,3
2553,Employee_02553,27,39759,4
2554,Employee_02554,28,39896,5
2555,Employee_02555,29,40033,6
2556,Employee_02556,30,40170,7
2557,Employee_02557,31,40307,8
2558,Employee_02558,32,40444,9
2559,Employee_02559,33,40581,10
2560,Employee_02560,34,40718,1
2561,Employee_02561,35,40855,2
2562,Employee_02562,36,40992,3
2563,Employee_02563,37,41129,4
2564,Employee_02564,38,41266,5
2565,Employee_02565,39,41403,6
2566,Employee_02566,40,41540,7
2567,Employee_02567,41,41677,8
2568,Employee_02568,42,41814,9
2569,Employee_02569,43,41951,10
2570,Employee_02570,44,42088,1
2571,Employee_02571,45,42225,2
2572,Employee_02572,46,42362,3
2573,Employee_02573,47,42499,4
2574,Employee_02574,48,42636,5
2575,Employee_02575,49,42773,6
2576,Employee_02576,50,42910,7
2577,Employee_02577,51,43047,8
2578,Employee_02578,52,43184,9
2579,Employee_02579,53,43321,10
2580,Employee_02580,54,43458,1
2581,Employee_02581,55,43595,2
2582,Employee_02582,56,43732,3
2583,Employee_02583,57,43869,4
2584,Employee_02584,58,44006,5
2585,Employee_02585,59,44143,6
2586,Employee_02586,60,44280,7
2587,Employee_02587,61,44417,8
2588,Employee_02588,62,44554,9
2589,Employee_02589,63,44691,10
2590,Employee_02590,64,44828,1
2591,Employee_02591,65,44965,2
2592,Employee_02592,18,45102,3
2593,Employee_02593,19,45239,4
2594,Employee_02594,20,45376,5
2595,Employee_02595,21,45513,6
2596,Employee_02596,22,45650,7
2597,Employee_02597,23,45787,8
2598,Employee_02598,24,45924,9
2599,Employee_02599,25,46061,10
2600,Employee_02600,26,46198,1
2601,Employee_02601,27,46335,2
2602,Employee_02602,28,46472,3
2603,Employee_02603,29,46609,4
2604,Employee_02604,30,46746,5
2605,Employee_02605,31,46883,6
2606,Employee_02606,32,47020,7
2607,Employee_02607,33,47157,8
2608,Employee_02608,34,47294,9
2609,Employee_02609,35,47431,10
2610,Employee_02610,36,47568,1
2611,Employee_02611,37,47705,2
2612,Employee_02612,38,47842,3
2613,Employee_02613,39,47979,4
2614,Employee_02614,40,48116,5
2615,Employee_02615,41,48253,6
2616,Employee_02616,42,48390,7
2617,Employee_02617,43,48527,8
2618,Employee_02618,44,48664,9
2619,Employee_02619,45,48801,10
2620,Employee_02620,46,48938,1
2621,Employee_02621,47,49075,2
2622,Employee_02622,48,49212,3
2623,Employee_02623,49,49349,4
2624,Employee_02624,50,49486,5
2625,Employee_02625,51,49623,6
2626,Employee_02626,52,49760,7
2627,Employee_02627,53,49897,8
2628,Employee_02628,54,50034,9
2629,Employee_02629,55,50171,10
2630,Employee_02630,56,50308,1
2631,Employee_02631,57,50445,2
2632,Employee_02632,58,50582,3
2633,Employee_02633,59,50719,4
2634,Employee_02634,60,50856,5
2635,Employee_02635,61,50993,6
2636,Employee_02636,62,51130,7
2637,Employee_02637,63,51267,8
2638,Employee_02638,64,51404,9
2639,Employee_02639,65,51541,10
2640,Employee_02640,18,51678,1
2641,Employee_02641,19,51815,2
2642,Employee_02642,20,51952,3
2643,Employee_02643,21,52089,4
2644,Employee_02644,22,52226,5
2645,Employee_02645,23,52363,6
2646,Employee_02646,24,52500,7
2647,Employee_02647,25,52637,8
2648,Employee_02648,26,52774,9
2649,Employee_02649,27,52911,10
2650,Employee_02650,28,53048,1
2651,Employee_02651,29,53185,2
2652,Employee_02652,30,53322,3
2653,Employee_02653,31,53459,4
2654,Employee_02654,32,53596,5
2655,Employee_02655,33,53733,6
2656,Employee_02656,34,53870,7
2657,Employee_02657,35,54007,8
2658,Employee_02658,36,54144,9
2659,Employee_02659,37,54281,10
2660,Employee_02660,38,54418,1
2661,Employee_02661,39,54555,2
2662,Employee_02662,40,54692,3
2663,Employee_02663,41,54829,4
2664,Employee_02664,42,54966,5
2665,Employee_02665,43,55103,6
2666,Employee_02666,44,55240,7
2667,Employee_02667,45,55377,8
2668,Employee_02668,46,55514,9
2669,Employee_02669,47,55651,10
2670,Employee_02670,48,55788,1
2671,Employee_02671,49,55925,2
2672,Employee_02672,50,56062,3
2673,Employee_02673,51,56199,4
2674,Employee_02674,52,56336,5
2675,Employee_02675,53,56473,6
2676,Employee_02676,54,56610,7
2677,Employee_02677,55,56747,8
2678,Employee_02678,56,56884,9
2679,Employee_02679,57,57021,10
2680,Employee_02680,58,57158,1
2681,Employee_02681,59,57295,2
2682,Employee_02682,60,57432,3
2683,Employee_02683,61,57569,4
2684,Employee_02684,62,57706,5
2685,Employee_02685,63,57843,6
2686,Employee_02686,64,57980,7
2687,Employee_02687,65,58117,8
2688,Employee_02688,18,58254,9
2689,Employee_02689,19,58391,10
2690,Employee_02690,20,58528,1
2691,Employee_02691,21,58665,2
2692,Employee_02692,22,58802,3
2693,Employee_02693,23,58939,4
2694,Employee_02694,24,59076,5
2695,Employee_02695,25,59213,6
2696,Employee_02696,26,59350,7
2697,Employee_02697,27,59487,8
2698,Employee_02698,28,59624,9
2699,Employee_02699,29,59761,10
2700,Employee_02700,30,59898,1
2701,Employee_02701,31,60035,2
2702,Employee_02702,32,60172,3
2703,Employee_02703,33,60309,4
2704,Employee_02704,34,60446,5
2705,Employee_02705,35,60583,6
2706,Employee_02706,36,60720,7
2707,Employee_02707,37,60857,8
2708,Employee_02708,38,60994,9
2709,Employee_02709,39,61131,10
2710,Employee_02710,40,61268,1
2711,Employee_02711,41,61405,2
2712,Employee_02712,42,61542,3
2713,Employee_02713,43,61679,4
2714,Employee_02714,44,61816,5
2715,Employee_02715,45,61953,6
2716,Employee_02716,46,62090,7
2717,Employee_02717,47,62227,8
2718,Employee_02718,48,62364,9
2719,Employee_02719,49,62501,10
2720,Employee_02720,50,62638,1
2721,Employee_02721,51,62775,2
2722,Employee_02722,52,62912,3
2723,Employee_02723,53,63049,4
2724,Employee_02724,54,63186,5
2725,Employee_02725,55,63323,6
2726,Employee_02726,56,63460,7
2727,Employee_02727,57,63597,8
2728,Employee_02728,58,63734,9
2729,Employee_02729,59,63871,10
2730,Employee_02730,60,64008,1
2731,Employee_02731,61,64145,2
2732,Employee_02732,62,64282,3
2733,Employee_02733,63,64419,4
2734,Employee_02734,64,64556,5
2735,Employee_02735,65,64693,6
2736,Employee_02736,18,64830,7
2737,Employee_02737,19,64967,8
2738,Employee_02738,20,65104,9
2739,Employee_02739,21,65241,10
2740,Employee_02740,22,65378,1
2741,Employee_02741,23,65515,2
2742,Employee_02742,24,65652,3
2743,Employee_02743,25,65789,4
2744,Employee_02744,26,65926,5
2745,Employee_02745,27,66063,6
2746,Employee_02746,28,66200,7
2747,Employee_02747,29,66337,8
2748,Employee_02748,30,66474,9
2749,Employee_02749,31,66611,10
2750,Employee_02750,32,66748,1
2751,Employee_02751,33,66885,2
2752,Employee_02752,34,67022,3
2753,Employee_02753,35,67159,4
2754,Employee_02754,36,67296,5
2755,Employee_02755,37,67433,6
2756,Employee_02756,38,67570,7
2757,Employee_02757,39,67707,8
2758,Employee_02758,40,67844,9
2759,Employee_02759,41,67981,10
2760,Employee_02760,42,68118,1
2761,Employee_02761,43,68255,2
2762,Employee_02762,44,68392,3
2763,Employee_02763,45,68529,4
2764,Employee_02764,46,68666,5
2765,Employee_02765,47,68803,6
2766,Employee_02766,48,68940,7
2767,Employee_02767,49,69077,8
2768,Employee_02768,50,69214,9
2769,Employee_02769,51,69351,10
2770,Employee_02770,52,69488,1
2771,Employee_02771,53,69625,2
2772,Employee_02772,54,69762,3
2773,Employee_02773,55,69899,4
2774,Employee_02774,56,70036,5
2775,Employee_02775,57,70173,6
2776,Employee_02776,58,70310,7
2777,Employee_02777,59,70447,8
2778,Employee_02778,60,70584,9
2779,Employee_02779,61,70721,10
2780,Employee_02780,62,70858,1
2781,Employee_02781,63,70995,2
2782,Employee_02782,64,71132,3
2783,Employee_02783,65,71269,4
2784,Employee_02784,18,71406,5
2785,Employee_02785,19,71543,6
2786,Employee_02786,20,71680,7
2787,Employee_02787,21,71817,8
2788,Employee_02788,22,71954,9
2789,Employee_02789,23,72091,10
2790,Employee_02790,24,72228,1
2791,Employee_02791,25,72365,2
2792,Employee_02792,26,72502,3
2793,Employee_02793,27,72639,4
2794,Employee_02794,28,72776,5
2795,Employee_02795,29,72913,6
2796,Employee_02796,30,73050,7
2797,Employee_02797,31,73187,8
2798,Employee_02798,32,73324,9
2799,Employee_02799,33,73461,10
2800,Employee_02800,34,73598,1
2801,Employee_02801,35,73735,2
2802,Employee_02802,36,73872,3
2803,Employee_02803,37,74009,4
2804,Employee_02804,38,74146,5
2805,Employee_02805,39,74283,6
2806,Employee_02806,40,74420,7
2807,Employee_02807,41,74557,8
2808,Employee_02808,42,74694,9
2809,Employee_02809,43,74831,10
2810,Employee_02810,44,74968,1
2811,Employee_02811,45,75105,2
2812,Employee_02812,46,75242,3
2813,Employee_02813,47,75379,4
2814,Employee_02814,48,75516,5
2815,Employee_02815,49,75653,6
2816,Employee_02816,50,75790,7
2817,Employee_02817,51,75927,8
2818,Employee_02818,52,76064,9
2819,Employee_02819,53,76201,10
2820,Employee_02820,54,76338,1
2821,Employee_02821,55,76475,2
2822,Employee_02822,56,76612,3
2823,Employee_02823,57,76749,4
2824,Employee_02824,58,76886,5
2825,Employee_02825,59,77023,6
2826,Employee_02826,60,77160,7
2827,Employee_02827,61,77297,8
2828,Employee_02828,62,77434,9
2829,Employee_02829,63,77571,10
2830,Employee_02830,64,77708,1
2831,Employee_02831,65,77845,2
2832,Employee_02832,18,77982,3
2833,Employee_02833,19,78119,4
2834,Employee_02834,20,78256,5
2835,Employee_02835,21,78393,6
2836,Employee_02836,22,78530,7
2837,Employee_02837,23,78667,8
2838,Employee_02838,24,78804,9
2839,Employee_02839,25,78941,10
2840,Employee_02840,26,79078,1
2841,Employee_02841,27,79215,2
2842,Employee_02842,28,79352,3
2843,Employee_02843,29,79489,4
2844,Employee_02844,30,79626,5
2845,Employee_02845,31,79763,6
2846,Employee_02846,32,79900,7
2847,Employee_02847,33,80037,8
2848,Employee_02848,34,80174,9
2849,Employee_02849,35,80311,10
2850,Employee_02850,36,80448,1
2851,Employee_02851,37,80585,2
2852,Employee_02852,38,80722,3
2853,Employee_02853,39,80859,4
2854,Employee_02854,40,80996,5
2855,Employee_02855,41,81133,6
2856,Employee_02856,42,81270,7
2857,Employee_02857,43,81407,8
2858,Employee_02858,44,81544,9
2859,Employee_02859,45,81681,10
2860,Employee_02860,46,81818,1
2861,Employee_02861,47,81955,2
2862,Employee_02862,48,82092,3
2863,Employee_02863,49,82229,4
2864,Employee_02864,50,82366,5
2865,Employee_02865,51,82503,6
2866,Employee_02866,52,82640,7
2867,Employee_02867,53,82777,8
2868,Employee_02868,54,82914,9
2869,Employee_02869,55,83051,10
2870,Employee_02870,56,83188,1
2871,Employee_02871,57,83325,2
2872,Employee_02872,58,83462,3
2873,Employee_02873,59,83599,4
2874,Employee_02874,60,83736,5
2875,Employee_02875,61,83873,6
2876,Employee_02876,62,84010,7
2877,Employee_02877,63,84147,8
2878,Employee_02878,64,84284,9
2879,Employee_02879,65,84421,10
2880,Employee_02880,18,84558,1
2881,Employee_02881,19,84695,2
2882,Employee_02882,20,84832,3
2883,Employee_02883,21,84969,4
2884,Employee_02884,22,85106,5
2885,Employee_02885,23,85243,6
2886,Employee_02886,24,85380,7
2887,Employee_02887,25,85517,8
2888,Employee_02888,26,85654,9
2889,Employee_02889,27,85791,10
2890,Employee_02890,28,85928,1
2891,Employee_02891,29,86065,2
2892,Employee_02892,30,86202,3
2893,Employee_02893,31,86339,4
2894,Employee_02894,32,86476,5
2895,Employee_02895,33,86613,6
2896,Employee_02896,34,86750,7
2897,Employee_02897,35,86887,8
2898,Employee_02898,36,87024,9
2899,Employee_02899,37,87161,10
2900,Employee_02900,38,87298,1
2901,Employee_02901,39,87435,2
2902,Employee_02902,40,87572,3
2903,Employee_02903,41,87709,4
2904,Employee_02904,42,87846,5
2905,Employee_02905,43,87983,6
2906,Employee_02906,44,88120,7
2907,Employee_02907,45,88257,8
2908,Employee_02908,46,88394,9
2909,Employee_02909,47,88531,10
2910,Employee_02910,48,88668,1
2911,Employee_02911,49,88805,2
2912,Employee_02912,50,88942,3
2913,Employee_02913,51,89079,4
2914,Employee_02914,52,89216,5
2915,Employee_02915,53,89353,6
2916,Employee_02916,54,89490,7
2917,Employee_02917,55,89627,8
2918,Employee_02918,56,89764,9
2919,Employee_02919,57,89901,10
2920,Employee_02920,58,90038,1
2921,Employee_02921,59,90175,2
2922,Employee_02922,60,90312,3
2923,Employee_02923,61,90449,4
2924,Employee_02924,62,90586,5
2925,Employee_02925,63,90723,6
2926,Employee_02926,64,90860,7
2927,Employee_02927,65,90997,8
2928,Employee_02928,18,91134,9
2929,Employee_02929,19,91271,10
2930,Employee_02930,20,91408,1
2931,Employee_02931,21,91545,2
2932,Employee_02932,22,91682,3
2933,Employee_02933,23,91819,4
2934,Employee_02934,24,91956,5
2935,Employee_02935,25,92093,6
2936,Employee_02936,26,92230,7
2937,Employee_02937,27,92367,8
2938,Employee_02938,28,92504,9
2939,Employee_02939,29,92641,10
2940,Employee_02940,30,92778,1
2941,Employee_02941,31,92915,2
2942,Employee_02942,32,93052,3
2943,Employee_02943,33,93189,4
2944,Employee_02944,34,93326,5
2945,Employee_02945,35,93463,6
2946,Employee_02946,36,93600,7
2947,Employee_02947,37,93737,8
2948,Employee_02948,38,93874,9
2949,Employee_02949,39,94011,10
2950,Employee_02950,40,94148,1
2951,Employee_02951,41,94285,2
2952,Employee_02952,42,94422,3
2953,Employee_02953,43,94559,4
2954,Employee_02954,44,94696,5
2955,Employee_02955,45,94833,6
2956,Employee_02956,46,94970,7
2957,Employee_02957,47,95107,8
2958,Employee_02958,48,95244,9
2959,Employee_02959,49,95381,10
2960,Employee_02960,50,95518,1
2961,Employee_02961,51,95655,2
2962,Employee_02962,52,95792,3
2963,Employee_02963,53,95929,4
2964,Employee_02964,54,96066,5
2965,Employee_02965,55,96203,6
2966,Employee_02966,56,96340,7
2967,Employee_02967,57,96477,8
2968,Employee_02968,58,96614,9
2969,Employee_02969,59,96751,10
2970,Employee_02970,60,96888,1
2971,Employee_02971,61,97025,2
2972,Employee_02972,62,97162,3
2973,Employee_02973,63,97299,4
2974,Employee_02974,64,97436,5
2975,Employee_02975,65,97573,6
2976,Employee_02976,18,97710,7
2977,Employee_02977,19,97847,8
2978,Employee_02978,20,97984,9
2979,Employee_02979,21,98121,10
2980,Employee_02980,22,98258,1
2981,Employee_02981,23,98395,2
2982,Employee_02982,24,98532,3
2983,Employee_02983,25,98669,4
2984,Employee_02984,26,98806,5
2985,Employee_02985,27,98943,6
2986,Employee_02986,28,99080,7
2987,Employee_02987,29,99217,8
2988,Employee_02988,30,99354,9
2989,Employee_02989,31,99491,10
2990,Employee_02990,32,99628,1
2991,Employee_02991,33,99765,2
2992,Employee_02992,34,99902,3
2993,Employee_02993,35,100039,4
2994,Employee_02994,36,100176,5
2995,Employee_02995,37,100313,6
2996,Employee_02996,38,100450,7
2997,Employee_02997,39,100587,8
2998,Employee_02998,40,100724,9
2999,Employee_02999,41,100861,10
3000,Employee_03000,42,100998,1
3001,Employee_03001,43,101135,2
3002,Employee_03002,44,101272,3
3003,Employee_03003,45,101409,4
3004,Employee_03004,46,101546,5
3005,Employee_03005,47,101683,6
3006,Employee_03006,48,101820,7
3007,Employee_03007,49,101957,8
3008,Employee_03008,50,102094,9
3009,Employee_03009,51,102231,10
3010,Employee_03010,52,102368,1
3011,Employee_03011,53,102505,2
3012,Employee_03012,54,102642,3
3013,Employee_03013,55,102779,4
3014,Employee_03014,56,102916,5
3015,Employee_03015,57,103053,6
3016,Employee_03016,58,103190,7
3017,Employee_03017,59,103327,8
3018,Employee_03018,60,103464,9
3019,Employee_03019,61,103601,10
3020,Employee_03020,62,103738,1
3021,Employee_03021,63,103875,2
3022,Employee_03022,64,104012,3
3023,Employee_03023,65,104149,4
3024,Employee_03024,18,104286,5
3025,Employee_03025,19,104423,6
3026,Employee_03026,20,104560,7
3027,Employee_03027,21,104697,8
3028,Employee_03028,22,104834,9
3029,Employee_03029,23,104971,10
3030,Employee_03030,24,105108,1
3031,Employee_03031,25,105245,2
3032,Employee_03032,26,105382,3
3033,Employee_03033,27,105519,4
3034,Employee_03034,28,105656,5
3035,Employee_03035,29,105793,6
3036,Employee_03036,30,105930,7
3037,Employee_03037,31,106067,8
3038,Employee_03038,32,106204,9
3039,Employee_03039,33,106341,10
3040,Employee_03040,34,106478,1
3041,Employee_03041,35,106615,2
3042,Employee_03042,36,106752,3
3043,Employee_03043,37,106889,4
3044,Employee_03044,38,107026,5
3045,Employee_03045,39,107163,6
3046,Employee_03046,40,107300,7
3047,Employee_03047,41,107437,8
3048,Employee_03048,42,107574,9
3049,Employee_03049,43,107711,10
3050,Employee_03050,44,107848,1
3051,Employee_03051,45,107985,2
3052,Employee_03052,46,108122,3
3053,Employee_03053,47,108259,4
3054,Employee_03054,48,108396,5
3055,Employee_03055,49,108533,6
3056,Employee_03056,50,108670,7
3057,Employee_03057,51,108807,8
3058,Employee_03058,52,108944,9
3059,Employee_03059,53,109081,10
3060,Employee_03060,54,109218,1
3061,Employee_03061,55,109355,2
3062,Employee_03062,56,109492,3
3063,Employee_03063,57,109629,4
3064,Employee_03064,58,109766,5
3065,Employee_03065,59,109903,6
3066,Employee_03066,60,110040,7
3067,Employee_03067,61,110177,8
3068,Employee_03068,62,110314,9
3069,Employee_03069,63,110451,10
3070,Employee_03070,64,110588,1
3071,Employee_03071,65,110725,2
3072,Employee_03072,18,110862,3
3073,Employee_03073,19,110999,4
3074,Employee_03074,20,111136,5
3075,Employee_03075,21,111273,6
3076,Employee_03076,22,111410,7
3077,Employee_03077,23,111547,8
3078,Employee_03078,24,111684,9
3079,Employee_03079,25,111821,10
3080,Employee_03080,26,111958,1
3081,Employee_03081,27,112095,2
3082,Employee_03082,28,112232,3
3083,Employee_03083,29,112369,4
3084,Employee_03084,30,112506,5
3085,Employee_03085,31,112643,6
3086,Employee_03086,32,112780,7
3087,Employee_03087,33,112917,8
3088,Employee_03088,34,113054,9
3089,Employee_03089,35,113191,10
3090,Employee_03090,36,113328,1
3091,Employee_03091,37,113465,2
3092,Employee_03092,38,113602,3
3093,Employee_03093,39,113739,4
3094,Employee_03094,40,113876,5
3095,Employee_03095,41,114013,6
3096,Employee_03096,42,114150,7
3097,Employee_03097,43,114287,8
3098,Employee_03098,44,114424,9
3099,Employee_03099,45,114561,10
3100,Employee_03100,46,114698,1
3101,Employee_03101,47,114835,2
3102,Employee_03102,48,114972,3
3103,Employee_03103,49,115109,4
3104,Employee_03104,50,115246,5
3105,Employee_03105,51,115383,6
3106,Employee_03106,52,115520,7
3107,Employee_03107,53,115657,8
3108,Employee_03108,54,115794,9
3109,Employee_03109,55,115931,10
3110,Employee_03110,56,116068,1
3111,Employee_03111,57,116205,2
3112,Employee_03112,58,116342,3
3113,Employee_03113,59,116479,4
3114,Employee_03114,60,116616,5
3115,Employee_03115,61,116753,6
3116,Employee_03116,62,116890,7
3117,Employee_03117,63,117027,8
3118,Employee_03118,64,117164,9
3119,Employee_03119,65,117301,10
3120,Employee_03120,18,117438,1
3121,Employee_03121,19,117575,2
3122,Employee_03122,20,117712,3
3123,Employee_03123,21,117849,4
3124,Employee_03124,22,117986,5
3125,Employee_03125,23,118123,6
3126,Employee_03126,24,118260,7
3127,Employee_03127,25,118397,8
3128,Employee_03128,26,118534,9
3129,Employee_03129,27,118671,10
3130,Employee_03130,28,118808,1
3131,Employee_03131,29,118945,2
3132,Employee_03132,30,119082,3
3133,Employee_03133,31,119219,4
3134,Employee_03134,32,119356,5
3135,Employee_03135,33,119493,6
3136,Employee_03136,34,119630,7
3137,Employee_03137,35,119767,8
3138,Employee_03138,36,119904,9
3139,Employee_03139,37,120041,10
3140,Employee_03140,38,120178,1
3141,Employee_03141,39,120315,2
3142,Employee_03142,40,120452,3
3143,Employee_03143,41,120589,4
3144,Employee_03144,42,120726,5
3145,Employee_03145,43,120863,6
3146,Employee_03146,44,121000,7
3147,Employee_03147,45,121137,8
3148,Employee_03148,46,121274,9
3149,Employee_03149,47,121411,10
3150,Employee_03150,48,121548,1
3151,Employee_03151,49,121685,2
3152,Employee_03152,50,121822,3
3153,Employee_03153,51,121959,4
3154,Employee_03154,52,122096,5
3155,Employee_03155,53,122233,6
3156,Employee_03156,54,122370,7
3157,Employee_03157,55,122507,8
3158,Employee_03158,56,122644,9
3159,Employee_03159,57,122781,10
3160,Employee_03160,58,122918,1
3161,Employee_03161,59,123055,2
3162,Employee_03162,60,123192,3
3163,Employee_03163,61,123329,4
3164,Employee_03164,62,123466,5
3165,Employee_03165,63,123603,6
3166,Employee_03166,64,123740,7
3167,Employee_03167,65,123877,8
3168,Employee_03168,18,124014,9
3169,Employee_03169,19,124151,10
3170,Employee_03170,20,124288,1
3171,Employee_03171,21,124425,2
3172,Employee_03172,22,124562,3
3173,Employee_03173,23,124699,4
3174,Employee_03174,24,124836,5
3175,Employee_03175,25,124973,6
3176,Employee_03176,26,125110,7
3177,Employee_03177,27,125247,8
3178,Employee_03178,28,125384,9
3179,Employee_03179,29,125521,10
3180,Employee_03180,30,125658,1
3181,Employee_03181,31,125795,2
3182,Employee_03182,32,125932,3
3183,Employee_03183,33,126069,4
3184,Employee_03184,34,126206,5
3185,Employee_03185,35,126343,6
3186,Employee_03186,36,126480,7
3187,Employee_03187,37,126617,8
3188,Employee_03188,38,126754,9
3189,Employee_03189,39,126891,10
3190,Employee_03190,40,127028,1
3191,Employee_03191,41,127165,2
3192,Employee_03192,42,127302,3
3193,Employee_03193,43,127439,4
3194,Employee_03194,44,127576,5
3195,Employee_03195,45,127713,6
3196,Employee_03196,46,127850,7
3197,Employee_03197,47,127987,8
3198,Employee_03198,48,128124,9
3199,Employee_03199,49,128261,10
3200,Employee_03200,50,128398,1
3201,Employee_03201,51,128535,2
3202,Employee_03202,52,128672,3
3203,Employee_03203,53,128809,4
3204,Employee_03204,54,128946,5
3205,Employee_03205,55,129083,6
3206,Employee_03206,56,129220,7
3207,Employee_03207,57,129357,8
3208,Employee_03208,58,129494,9
3209,Employee_03209,59,129631,10
3210,Employee_03210,60,129768,1
3211,Employee_03211,61,129905,2
3212,Employee_03212,62,130042,3
3213,Employee_03213,63,130179,4
3214,Employee_03214,64,130316,5
3215,Employee_03215,65,130453,6
3216,Employee_03216,18,130590,7
3217,Employee_03217,19,130727,8
3218,Employee_03218,20,130864,9
3219,Employee_03219,21,131001,10
3220,Employee_03220,22,131138,1
3221,Employee_03221,23,131275,2
3222,Employee_03222,24,131412,3
3223,Employee_03223,25,131549,4
3224,Employee_03224,26,131686,5
3225,Employee_03225,27,131823,6
3226,Employee_03226,28,131960,7
3227,Employee_03227,29,132097,8
3228,Employee_03228,30,132234,9
3229,Employee_03229,31,132371,10
3230,Employee_03230,32,132508,1
3231,Employee_03231,33,132645,2
3232,Employee_03232,34,132782,3
3233,Employee_03233,35,132919,4
3234,Employee_03234,36,133056,5
3235,Employee_03235,37,133193,6
3236,Employee_03236,38,133330,7
3237,Employee_03237,39,133467,8
3238,Employee_03238,40,133604,9
3239,Employee_03239,41,133741,10
3240,Employee_03240,42,133878,1
3241,Employee_03241,43,134015,2
3242,Employee_03242,44,134152,3
3243,Employee_03243,45,134289,4
3244,Employee_03244,46,134426,5
3245,Employee_03245,47,134563,6
3246,Employee_03246,48,134700,7
3247,Employee_03247,49,134837,8
3248,Employee_03248,50,134974,9
3249,Employee_03249,51,135111,10
3250,Employee_03250,52,135248,1
3251,Employee_03251,53,135385,2
3252,Employee_03252,54,135522,3
3253,Employee_03253,55,135659,4
3254,Employee_03254,56,135796,5
3255,Employee_03255,57,135933,6
3256,Employee_03256,58,136070,7
3257,Employee_03257,59,136207,8
3258,Employee_03258,60,136344,9
3259,Employee_03259,61,136481,10
3260,Employee_03260,62,136618,1
3261,Employee_03261,63,136755,2
3262,Employee_03262,64,136892,3
3263,Employee_03263,65,137029,4
3264,Employee_03264,18,137166,5
3265,Employee_03265,19,137303,6
3266,Employee_03266,20,137440,7
3267,Employee_03267,21,137577,8
3268,Employee_03268,22,137714,9
3269,Employee_03269,23,137851,10
3270,Employee_03270,24,137988,1
3271,Employee_03271,25,138125,2
3272,Employee_03272,26,138262,3
3273,Employee_03273,27,138399,4
3274,Employee_03274,28,138536,5
3275,Employee_03275,29,138673,6
3276,Employee_03276,30,138810,7
3277,Employee_03277,31,138947,8
3278,Employee_03278,32,139084,9
3279,Employee_03279,33,139221,10
3280,Employee_03280,34,139358,1
3281,Employee_03281,35,139495,2
3282,Employee_03282,36,139632,3
3283,Employee_03283,37,139769,4
3284,Employee_03284,38,139906,5
3285,Employee_03285,39,140043,6
3286,Employee_03286,40,140180,7
3287,Employee_03287,41,140317,8
3288,Employee_03288,42,140454,9
3289,Employee_03289,43,140591,10
3290,Employee_03290,44,140728,1
3291,Employee_03291,45,140865,2
3292,Employee_03292,46,141002,3
3293,Employee_03293,47,141139,4
3294,Employee_03294,48,141276,5
3295,Employee_03295,49,141413,6
3296,Employee_03296,50,141550,7
3297,Employee_03297,51,141687,8
3298,Employee_03298,52,141824,9
3299,Employee_03299,53,141961,10
3300,Employee_03300,54,142098,1
3301,Employee_03301,55,142235,2
3302,Employee_03302,56,142372,3
3303,Employee_03303,57,142509,4
3304,Employee_03304,58,142646,5
3305,Employee_03305,59,142783,6
3306,Employee_03306,60,142920,7
3307,Employee_03307,61,143057,8
3308,Employee_03308,62,143194,9
3309,Employee_03309,63,143331,10
3310,Employee_03310,64,143468,1
3311,Employee_03311,65,143605,2
3312,Employee_03312,18,143742,3
3313,Employee_03313,19,143879,4
3314,Employee_03314,20,144016,5
3315,Employee_03315,21,144153,6
3316,Employee_03316,22,144290,7
3317,Employee_03317,23,144427,8
3318,Employee_03318,24,144564,9
3319,Employee_03319,25,144701,10
3320,Employee_03320,26,144838,1
3321,Employee_03321,27,144975,2
3322,Employee_03322,28,145112,3
3323,Employee_03323,29,145249,4
3324,Employee_03324,30,145386,5
3325,Employee_03325,31,145523,6
3326,Employee_03326,32,145660,7
3327,Employee_03327,33,145797,8
3328,Employee_03328,34,145934,9
3329,Employee_03329,35,146071,10
3330,Employee_03330,36,146208,1
3331,Employee_03331,37,146345,2
3332,Employee_03332,38,146482,3
3333,Employee_03333,39,146619,4
3334,Employee_03334,40,146756,5
3335,Employee_03335,41,146893,6
3336,Employee_03336,42,147030,7
3337,Employee_03337,43,147167,8
3338,Employee_03338,44,147304,9
3339,Employee_03339,45,147441,10
3340,Employee_03340,46,147578,1
3341,Employee_03341,47,147715,2
3342,Employee_03342,48,147852,3
3343,Employee_03343,49,147989,4
3344,Employee_03344,50,148126,5
3345,Employee_03345,51,148263,6
3346,Employee_03346,52,148400,7
3347,Employee_03347,53,148537,8
3348,Employee_03348,54,148674,9
3349,Employee_03349,55,148811,10
3350,Employee_03350,56,148948,1
3351,Employee_03351,57,149085,2
3352,Employee_03352,58,149222,3
3353,Employee_03353,59,149359,4
3354,Employee_03354,60,149496,5
3355,Employee_03355,61,149633,6
3356,Employee_03356,62,149770,7
3357,Employee_03357,63,149907,8
3358,Employee_03358,64,150044,9
3359,Employee_03359,65,150181,10
3360,Employee_03360,18,150318,1
3361,Employee_03361,19,150455,2
3362,Employee_03362,20,150592,3
3363,Employee_03363,21,150729,4
3364,Employee_03364,22,150866,5
3365,Employee_03365,23,151003,6
3366,Employee_03366,24,151140,7
3367,Employee_03367,25,151277,8
3368,Employee_03368,26,151414,9
3369,Employee_03369,27,151551,10
3370,Employee_03370,28,151688,1
3371,Employee_03371,29,151825,2
3372,Employee_03372,30,151962,3
3373,Employee_03373,31,152099,4
3374,Employee_03374,32,152236,5
3375,Employee_03375,33,152373,6
3376,Employee_03376,34,152510,7
3377,Employee_03377,35,152647,8
3378,Employee_03378,36,152784,9
3379,Employee_03379,37,152921,10
3380,Employee_03380,38,153058,1
3381,Employee_03381,39,153195,2
3382,Employee_03382,40,153332,3
3383,Employee_03383,41,153469,4
3384,Employee_03384,42,153606,5
3385,Employee_03385,43,153743,6
3386,Employee_03386,44,153880,7
3387,Employee_03387,45,154017,8
3388,Employee_03388,46,154154,9
3389,Employee_03389,47,154291,10
3390,Employee_03390,48,154428,1
3391,Employee_03391,49,154565,2
3392,Employee_03392,50,154702,3
3393,Employee_03393,51,154839,4
3394,Employee_03394,52,154976,5
3395,Employee_03395,53,155113,6
3396,Employee_03396,54,155250,7
3397,Employee_03397,55,155387,8
3398,Employee_03398,56,155524,9
3399,Employee_03399,57,155661,10
3400,Employee_03400,58,155798,1
3401,Employee_03401,59,155935,2
3402,Employee_03402,60,156072,3
3403,Employee_03403,61,156209,4
3404,Employee_03404,62,156346,5
3405,Employee_03405,63,156483,6
3406,Employee_03406,64,156620,7
3407,Employee_03407,65,156757,8
3408,Employee_03408,18,156894,9
3409,Employee_03409,19,157031,10
3410,Employee_03410,20,157168,1
3411,Employee_03411,21,157305,2
3412,Employee_03412,22,157442,3
3413,Employee_03413,23,157579,4
3414,Employee_03414,24,157716,5
3415,Employee_03415,25,157853,6
3416,Employee_03416,26,157990,7
3417,Employee_03417,27,158127,8
3418,Employee_03418,28,158264,9
3419,Employee_03419,29,158401,10
3420,Employee_03420,30,158538,1
3421,Employee_03421,31,158675,2
3422,Employee_03422,32,158812,3
3423,Employee_03423,33,158949,4
3424,Employee_03424,34,159086,5
3425,Employee_03425,35,159223,6
3426,Employee_03426,36,159360,7
3427,Employee_03427,37,159497,8
3428,Employee_03428,38,159634,9
3429,Employee_03429,39,159771,10
3430,Employee_03430,40,159908,1
3431,Employee_03431,41,160045,2
3432,Employee_03432,42,160182,3
3433,Employee_03433,43,160319,4
3434,Employee_03434,44,160456,5
3435,Employee_03435,45,160593,6
3436,Employee_03436,46,160730,7
3437,Employee_03437,47,160867,8
3438,Employee_03438,48,161004,9
3439,Employee_03439,49,161141,10
3440,Employee_03440,50,161278,1
3441,Employee_03441,51,161415,2
3442,Employee_03442,52,161552,3
3443,Employee_03443,53,161689,4
3444,Employee_03444,54,161826,5
3445,Employee_03445,55,161963,6
3446,Employee_03446,56,162100,7
3447,Employee_03447,57,162237,8
3448,Employee_03448,58,162374,9
3449,Employee_03449,59,162511,10
3450,Employee_03450,60,162648,1
3451,Employee_03451,61,162785,2
3452,Employee_03452,62,162922,3
3453,Employee_03453,63,163059,4
3454,Employee_03454,64,163196,5
3455,Employee_03455,65,163333,6
3456,Employee_03456,18,163470,7
3457,Employee_03457,19,163607,8
3458,Employee_03458,20,163744,9
3459,Employee_03459,21,163881,10
3460,Employee_03460,22,164018,1
3461,Employee_03461,23,164155,2
3462,Employee_03462,24,164292,3
3463,Employee_03463,25,164429,4
3464,Employee_03464,26,164566,5
3465,Employee_03465,27,164703,6
3466,Employee_03466,28,164840,7
3467,Employee_03467,29,164977,8
3468,Employee_03468,30,165114,9
3469,Employee_03469,31,165251,10
3470,Employee_03470,32,165388,1
3471,Employee_03471,33,165525,2
3472,Employee_03472,34,165662,3
3473,Employee_03473,35,165799,4
3474,Employee_03474,36,165936,5
3475,Employee_03475,37,166073,6
3476,Employee_03476,38,166210,7
3477,Employee_03477,39,166347,8
3478,Employee_03478,40,166484,9
3479,Employee_03479,41,166621,10
3480,Employee_03480,42,166758,1
3481,Employee_03481,43,166895,2
3482,Employee_03482,44,167032,3
3483,Employee_03483,45,167169,4
3484,Employee_03484,46,167306,5
3485,Employee_03485,47,167443,6
3486,Employee_03486,48,167580,7
3487,Employee_03487,49,167717,8
3488,Employee_03488,50,167854,9
3489,Employee_03489,51,167991,10
3490,Employee_03490,52,168128,1
3491,Employee_03491,53,168265,2
3492,Employee_03492,54,168402,3
3493,Employee_03493,55,168539,4
3494,Employee_03494,56,168676,5
3495,Employee_03495,57,168813,6
3496,Employee_03496,58,168950,7
3497,Employee_03497,59,169087,8
3498,Employee_03498,60,169224,9
3499,Employee_03499,61,169361,10
3500,Employee_03500,62,169498,1
3501,Employee_03501,63,169635,2
3502,Employee_03502,64,169772,3
3503,Employee_03503,65,169909,4
3504,Employee_03504,18,170046,5
3505,Employee_03505,19,170183,6
3506,Employee_03506,20,170320,7
3507,Employee_03507,21,170457,8
3508,Employee_03508,22,170594,9
3509,Employee_03509,23,170731,10
3510,Employee_03510,24,170868,1
3511,Employee_03511,25,171005,2
3512,Employee_03512,26,171142,3
3513,Employee_03513,27,171279,4
3514,Employee_03514,28,171416,5
3515,Employee_03515,29,171553,6
3516,Employee_03516,30,171690,7
3517,Employee_03517,31,171827,8
3518,Employee_03518,32,171964,9
3519,Employee_03519,33,172101,10
3520,Employee_03520,34,172238,1
3521,Employee_03521,35,172375,2
3522,Employee_03522,36,172512,3
3523,Employee_03523,37,172649,4
3524,Employee_03524,38,172786,5
3525,Employee_03525,39,172923,6
3526,Employee_03526,40,173060,7
3527,Employee_03527,41,173197,8
3528,Employee_03528,42,173334,9
3529,Employee_03529,43,173471,10
3530,Employee_03530,44,173608,1
3531,Employee_03531,45,173745,2
3532,Employee_03532,46,173882,3
3533,Employee_03533,47,174019,4
3534,Employee_03534,48,174156,5
3535,Employee_03535,49,174293,6
3536,Employee_03536,50,174430,7
3537,Employee_03537,51,174567,8
3538,Employee_03538,52,174704,9
3539,Employee_03539,53,174841,10
3540,Employee_03540,54,174978,1
3541,Employee_03541,55,175115,2
3542,Employee_03542,56,175252,3
3543,Employee_03543,57,175389,4
3544,Employee_03544,58,175526,5
3545,Employee_03545,59,175663,6
3546,Employee_03546,60,175800,7
3547,Employee_03547,61,175937,8
3548,Employee_03548,62,176074,9
3549,Employee_03549,63,176211,10
3550,Employee_03550,64,176348,1
3551,Employee_03551,65,176485,2
3552,Employee_03552,18,176622,3
3553,Employee_03553,19,176759,4
3554,Employee_03554,20,176896,5
3555,Employee_03555,21,177033,6
3556,Employee_03556,22,177170,7
3557,Employee_03557,23,177307,8
3558,Employee_03558,24,177444,9
3559,Employee_03559,25,177581,10
3560,Employee_03560,26,177718,1
3561,Employee_03561,27,177855,2
3562,Employee_03562,28,177992,3
3563,Employee_03563,29,178129,4
3564,Employee_03564,30,178266,5
3565,Employee_03565,31,178403,6
3566,Employee_03566,32,178540,7
3567,Employee_03567,33,178677,8
3568,Employee_03568,34,178814,9
3569,Employee_03569,35,178951,10
3570,Employee_03570,36,179088,1
3571,Employee_03571,37,179225,2
3572,Employee_03572,38,179362,3
3573,Employee_03573,39,179499,4
3574,Employee_03574,40,179636,5
3575,Employee_03575,41,179773,6
3576,Employee_03576,42,179910,7
3577,Employee_03577,43,180047,8
3578,Employee_03578,44,180184,9
3579,Employee_03579,45,180321,10
3580,Employee_03580,46,180458,1
3581,Employee_03581,47,180595,2
3582,Employee_03582,48,180732,3
3583,Employee_03583,49,180869,4
3584,Employee_03584,50,181006,5
3585,Employee_03585,51,181143,6
3586,Employee_03586,52,181280,7
3587,Employee_03587,53,181417,8
3588,Employee_03588,54,181554,9
3589,Employee_03589,55,181691,10
3590,Employee_03590,56,181828,1
3591,Employee_03591,57,181965,2
3592,Employee_03592,58,182102,3
3593,Employee_03593,59,182239,4
3594,Employee_03594,60,182376,5
3595,Employee_03595,61,182513,6
3596,Employee_03596,62,182650,7
3597,Employee_03597,63,182787,8
3598,Employee_03598,64,182924,9
3599,Employee_03599,65,183061,10
3600,Employee_03600,18,183198,1
3601,Employee_03601,19,183335,2
3602,Employee_03602,20,183472,3
3603,Employee_03603,21,183609,4
3604,Employee_03604,22,183746,5
3605,Employee_03605,23,183883,6
3606,Employee_03606,24,184020,7
3607,Employee_03607,25,184157,8
3608,Employee_03608,26,184294,9
3609,Employee_03609,27,184431,10
3610,Employee_03610,28,184568,1
3611,Employee_03611,29,184705,2
3612,Employee_03612,30,184842,3
3613,Employee_03613,31,184979,4
3614,Employee_03614,32,185116,5
3615,Employee_03615,33,185253,6
3616,Employee_03616,34,185390,7
3617,Employee_03617,35,185527,8
3618,Employee_03618,36,185664,9
3619,Employee_03619,37,185801,10
3620,Employee_03620,38,185938,1
3621,Employee_03621,39,186075,2
3622,Employee_03622,40,186212,3
3623,Employee_03623,41,186349,4
3624,Employee_03624,42,186486,5
3625,Employee_03625,43,186623,6
3626,Employee_03626,44,186760,7
3627,Employee_03627,45,186897,8
3628,Employee_03628,46,187034,9
3629,Employee_03629,47,187171,10
3630,Employee_03630,48,187308,1
3631,Employee_03631,49,187445,2
3632,Employee_03632,50,187582,3
3633,Employee_03633,51,187719,4
3634,Employee_03634,52,187856,5
3635,Employee_03635,53,187993,6
3636,Employee_03636,54,188130,7
3637,Employee_03637,55,188267,8
3638,Employee_03638,56,188404,9
3639,Employee_03639,57,188541,10
3640,Employee_03640,58,188678,1
3641,Employee_03641,59,188815,2
3642,Employee_03642,60,188952,3
3643,Employee_03643,61,189089,4
3644,Employee_03644,62,189226,5
3645,Employee_03645,63,189363,6
3646,Employee_03646,64,189500,7
3647,Employee_03647,65,189637,8
3648,Employee_03648,18,189774,9
3649,Employee_03649,19,189911,10
3650,Employee_03650,20,190048,1
3651,Employee_03651,21,190185,2
3652,Employee_03652,22,190322,3
3653,Employee_03653,23,190459,4
3654,Employee_03654,24,190596,5
3655,Employee_03655,25,190733,6
3656,Employee_03656,26,190870,7
3657,Employee_03657,27,191007,8
3658,Employee_03658,28,191144,9
3659,Employee_03659,29,191281,10
3660,Employee_03660,30,191418,1
3661,Employee_03661,31,191555,2
3662,Employee_03662,32,191692,3
3663,Employee_03663,33,191829,4
3664,Employee_03664,34,191966,5
3665,Employee_03665,35,192103,6
3666,Employee_03666,36,192240,7
3667,Employee_03667,37,192377,8
3668,Employee_03668,38,192514,9
3669,Employee_03669,39,192651,10
3670,Employee_03670,40,192788,1
3671,Employee_03671,41,192925,2
3672,Employee_03672,42,193062,3
3673,Employee_03673,43,193199,4
3674,Employee_03674,44,193336,5
3675,Employee_03675,45,193473,6
3676,Employee_03676,46,193610,7
3677,Employee_03677,47,193747,8
3678,Employee_03678,48,193884,9
3679,Employee_03679,49,194021,10
3680,Employee_03680,50,194158,1
3681,Employee_03681,51,194295,2
3682,Employee_03682,52,194432,3
3683,Employee_03683,53,194569,4
3684,Employee_03684,54,194706,5
3685,Employee_03685,55,194843,6
3686,Employee_03686,56,194980,7
3687,Employee_03687,57,195117,8
3688,Employee_03688,58,195254,9
3689,Employee_03689,59,195391,10
3690,Employee_03690,60,195528,1
3691,Employee_03691,61,195665,2
3692,Employee_03692,62,195802,3
3693,Employee_03693,63,195939,4
3694,Employee_03694,64,196076,5
3695,Employee_03695,65,196213,6
3696,Employee_03696,18,196350,7
3697,Employee_03697,19,196487,8
3698,Employee_03698,20,196624,9
3699,Employee_03699,21,196761,10
3700,Employee_03700,22,196898,1
3701,Employee_03701,23,197035,2
3702,Employee_03702,24,197172,3
3703,Employee_03703,25,197309,4
3704,Employee_03704,26,197446,5
3705,Employee_03705,27,197583,6
3706,Employee_03706,28,197720,7
3707,Employee_03707,29,197857,8
3708,Employee_03708,30,197994,9
3709,Employee_03709,31,198131,10
3710,Employee_03710,32,198268,1
3711,Employee_03711,33,198405,2
3712,Employee_03712,34,198542,3
3713,Employee_03713,35,198679,4
3714,Employee_03714,36,198816,5
3715,Employee_03715,37,198953,6
3716,Employee_03716,38,199090,7
3717,Employee_03717,39,199227,8
3718,Employee_03718,40,199364,9
3719,Employee_03719,41,199501,10
3720,Employee_03720,42,199638,1
3721,Employee_03721,43,199775,2
3722,Employee_03722,44,199912,3
3723,Employee_03723,45,30048,4
3724,Employee_03724,46,30185,5
3725,Employee_03725,47,30322,6
3726,Employee_03726,48,30459,7
3727,Employee_03727,49,30596,8
3728,Employee_03728,50,30733,9
3729,Employee_03729,51,30870,10
3730,Employee_03730,52,31007,1
3731,Employee_03731,53,31144,2
3732,Employee_03732,54,31281,3
3733,Employee_03733,55,31418,4
3734,Employee_03734,56,31555,5
3735,Employee_03735,57,31692,6
3736,Employee_03736,58,31829,7
3737,Employee_03737,59,31966,8
3738,Employee_03738,60,32103,9
3739,Employee_03739,61,32240,10
3740,Employee_03740,62,32377,1
3741,Employee_03741,63,32514,2
3742,Employee_03742,64,32651,3
3743,Employee_03743,65,32788,4
3744,Employee_03744,18,32925,5
3745,Employee_03745,19,33062,6
3746,Employee_03746,20,33199,7
3747,Employee_03747,21,33336,8
3748,Employee_03748,22,33473,9
3749,Employee_03749,23,33610,10
3750,Employee_03750,24,33747,1
3751,Employee_03751,25,33884,2
3752,Employee_03752,26,34021,3
3753,Employee_03753,27,34158,4
3754,Employee_03754,28,34295,5
3755,Employee_03755,29,34432,6
3756,Employee_03756,30,34569,7
3757,Employee_03757,31,34706,8
3758,Employee_03758,32,34843,9
3759,Employee_03759,33,34980,10
3760,Employee_03760,34,35117,1
3761,Employee_03761,35,35254,2
3762,Employee_03762,36,35391,3
3763,Employee_03763,37,35528,4
3764,Employee_03764,38,35665,5
3765,Employee_03765,39,35802,6
3766,Employee_03766,40,35939,7
3767,Employee_03767,41,36076,8
3768,Employee_03768,42,36213,9
3769,Employee_03769,43,36350,10
3770,Employee_03770,44,36487,1
3771,Employee_03771,45,36624,2
3772,Employee_03772,46,36761,3
3773,Employee_03773,47,36898,4
3774,Employee_03774,48,37035,5
3775,Employee_03775,49,37172,6
3776,Employee_03776,50,37309,7
3777,Employee_03777,51,37446,8
3778,Employee_03778,52,37583,9
3779,Employee_03779,53,37720,10
3780,Employee_03780,54,37857,1
3781,Employee_03781,55,37994,2
3782,Employee_03782,56,38131,3
3783,Employee_03783,57,38268,4
3784,Employee_03784,58,38405,5
3785,Employee_03785,59,38542,6
3786,Employee_03786,60,38679,7
3787,Employee_03787,61,38816,8
3788,Employee_03788,62,38953,9
3789,Employee_03789,63,39090,10
3790,Employee_03790,64,39227,1
3791,Employee_03791,65,39364,2
3792,Employee_03792,18,39501,3
3793,Employee_03793,19,39638,4
3794,Employee_03794,20,39775,5
3795,Employee_03795,21,39912,6
3796,Employee_03796,22,40049,7
3797,Employee_03797,23,40186,8
3798,Employee_03798,24,40323,9
3799,Employee_03799,25,40460,10
3800,Employee_03800,26,40597,1
3801,Employee_03801,27,40734,2
3802,Employee_03802,28,40871,3
3803,Employee_03803,29,41008,4
3804,Employee_03804,30,41145,5
3805,Employee_03805,31,41282,6
3806,Employee_03806,32,41419,7
3807,Employee_03807,33,41556,8
3808,Employee_03808,34,41693,9
3809,Employee_03809,35,41830,10
3810,Employee_03810,36,41967,1
3811,Employee_03811,37,42104,2
3812,Employee_03812,38,42241,3
3813,Employee_03813,39,42378,4
3814,Employee_03814,40,42515,5
3815,Employee_03815,41,42652,6
3816,Employee_03816,42,42789,7
3817,Employee_03817,43,42926,8
3818,Employee_03818,44,43063,9
3819,Employee_03819,45,43200,10
3820,Employee_03820,46,43337,1
3821,Employee_03821,47,43474,2
3822,Employee_03822,48,43611,3
3823,Employee_03823,49,43748,4
3824,Employee_03824,50,43885,5
3825,Employee_03825,51,44022,6
3826,Employee_03826,52,44159,7
3827,Employee_03827,53,44296,8
3828,Employee_03828,54,44433,9
3829,Employee_03829,55,44570,10
3830,Employee_03830,56,44707,1
3831,Employee_03831,57,44844,2
3832,Employee_03832,58,44981,3
3833,Employee_03833,59,45118,4
3834,Employee_03834,60,45255,5
3835,Employee_03835,61,45392,6
3836,Employee_03836,62,45529,7
3837,Employee_03837,63,45666,8
3838,Employee_03838,64,45803,9
3839,Employee_03839,65,45940,10
3840,Employee_03840,18,46077,1
3841,Employee_03841,19,46214,2
3842,Employee_03842,20,46351,3
3843,Employee_03843,21,46488,4
3844,Employee_03844,22,46625,5
3845,Employee_03845,23,46762,6
3846,Employee_03846,24,46899,7
3847,Employee_03847,25,47036,8
3848,Employee_03848,26,47173,9
3849,Employee_03849,27,47310,10
3850,Employee_03850,28,47447,1
3851,Employee_03851,29,47584,2
3852,Employee_03852,30,47721,3
3853,Employee_03853,31,47858,4
3854,Employee_03854,32,47995,5
3855,Employee_03855,33,48132,6
3856,Employee_03856,34,48269,7
3857,Employee_03857,35,48406,8
3858,Employee_03858,36,48543,9
3859,Employee_03859,37,48680,10
3860,Employee_03860,38,48817,1
3861,Employee_03861,39,48954,2
3862,Employee_03862,40,49091,3
3863,Employee_03863,41,49228,4
3864,Employee_03864,42,49365,5
3865,Employee_03865,43,49502,6
3866,Employee_03866,44,49639,7
3867,Employee_03867,45,49776,8
3868,Employee_03868,46,49913,9
3869,Employee_03869,47,50050,10
3870,Employee_03870,48,50187,1
3871,Employee_03871,49,50324,2
3872,Employee_03872,50,50461,3
3873,Employee_03873,51,50598,4
3874,Employee_03874,52,50735,5
3875,Employee_03875,53,50872,6
3876,Employee_03876,54,51009,7
3877,Employee_03877,55,51146,8
3878,Employee_03878,56,51283,9
3879,Employee_03879,57,51420,10
3880,Employee_03880,58,51557,1
3881,Employee_03881,59,51694,2
3882,Employee_03882,60,51831,3
3883,Employee_03883,61,51968,4
3884,Employee_03884,62,52105,5
3885,Employee_03885,63,52242,6
3886,Employee_03886,64,52379,7
3887,Employee_03887,65,52516,8
3888,Employee_03888,18,52653,9
3889,Employee_03889,19,52790,10
3890,Employee_03890,20,52927,1
3891,Employee_03891,21,53064,2
3892,Employee_03892,22,53201,3
3893,Employee_03893,23,53338,4
3894,Employee_03894,24,53475,5
3895,Employee_03895,25,53612,6
3896,Employee_03896,26,53749,7
3897,Employee_03897,27,53886,8
3898,Employee_03898,28,54023,9
3899,Employee_03899,29,54160,10
3900,Employee_03900,30,54297,1
3901,Employee_03901,31,54434,2
3902,Employee_03902,32,54571,3
3903,Employee_03903,33,54708,4
3904,Employee_03904,34,54845,5
3905,Employee_03905,35,54982,6
3906,Employee_03906,36,55119,7
3907,Employee_03907,37,55256,8
3908,Employee_03908,38,55393,9
3909,Employee_03909,39,55530,10
3910,Employee_03910,40,55667,1
3911,Employee_03911,41,55804,2
3912,Employee_03912,42,55941,3
3913,Employee_03913,43,56078,4
3914,Employee_03914,44,56215,5
3915,Employee_03915,45,56352,6
3916,Employee_03916,46,56489,7
3917,Employee_03917,47,56626,8
3918,Employee_03918,48,56763,9
3919,Employee_03919,49,56900,10
3920,Employee_03920,50,57037,1
3921,Employee_03921,51,57174,2
3922,Employee_03922,52,57311,3
3923,Employee_03923,53,57448,4
3924,Employee_03924,54,57585,5
3925,Employee_03925,55,57722,6
3926,Employee_03926,56,57859,7
3927,Employee_03927,57,57996,8
3928,Employee_03928,58,58133,9
3929,Employee_03929,59,58270,10
3930,Employee_03930,60,58407,1
3931,Employee_03931,61,58544,2
3932,Employee_03932,62,58681,3
3933,Employee_03933,63,58818,4
3934,Employee_03934,64,58955,5
3935,Employee_03935,65,59092,6
3936,Employee_03936,18,59229,7
3937,Employee_03937,19,59366,8
3938,Employee_03938,20,59503,9
3939,Employee_03939,21,59640,10
3940,Employee_03940,22,59777,1
3941,Employee_03941,23,59914,2
3942,Employee_03942,24,60051,3
3943,Employee_03943,25,60188,4
3944,Employee_03944,26,60325,5
3945,Employee_03945,27,60462,6
3946,Employee_03946,28,60599,7
3947,Employee_03947,29,60736,8
3948,Employee_03948,30,60873,9
3949,Employee_03949,31,61010,10
3950,Employee_03950,32,61147,1
3951,Employee_03951,33,61284,2
3952,Employee_03952,34,61421,3
3953,Employee_03953,35,61558,4
3954,Employee_03954,36,61695,5
3955,Employee_03955,37,61832,6
3956,Employee_03956,38,61969,7
3957,Employee_03957,39,62106,8
3958,Employee_03958,40,62243,9
3959,Employee_03959,41,62380,10
3960,Employee_03960,42,62517,1
3961,Employee_03961,43,62654,2
3962,Employee_03962,44,62791,3
3963,Employee_03963,45,62928,4
3964,Employee_03964,46,63065,5
3965,Employee_03965,47,63202,6
3966,Employee_03966,48,63339,7
3967,Employee_03967,49,63476,8
3968,Employee_03968,50,63613,9
3969,Employee_03969,51,63750,10
3970,Employee_03970,52,63887,1
3971,Employee_03971,53,64024,2
3972,Employee_03972,54,64161,3
3973,Employee_03973,55,64298,4
3974,Employee_03974,56,64435,5
3975,Employee_03975,57,64572,6
3976,Employee_03976,58,64709,7
3977,Employee_03977,59,64846,8
3978,Employee_03978,60,64983,9
3979,Employee_03979,61,65120,10
3980,Employee_03980,62,65257,1
3981,Employee_03981,63,65394,2
3982,Employee_03982,64,65531,3
3983,Employee_03983,65,65668,4
3984,Employee_03984,18,65805,5
3985,Employee_03985,19,65942,6
3986,Employee_03986,20,66079,7
3987,Employee_03987,21,66216,8
3988,Employee_03988,22,66353,9
3989,Employee_03989,23,66490,10
3990,Employee_03990,24,66627,1
3991,Employee_03991,25,66764,2
3992,Employee_03992,26,66901,3
3993,Employee_03993,27,67038,4
3994,Employee_03994,28,67175,5
3995,Employee_03995,29,67312,6
3996,Employee_03996,30,67449,7
3997,Employee_03997,31,67586,8
3998,Employee_03998,32,67723,9
3999,Employee_03999,33,67860,10
4000,Employee_04000,34,67997,1
4001,Employee_04001,35,68134,2
4002,Employee_04002,36,68271,3
4003,Employee_04003,37,68408,4
4004,Employee_04004,38,68545,5
4005,Employee_04005,39,68682,6
4006,Employee_04006,40,68819,7
4007,Employee_04007,41,68956,8
4008,Employee_04008,42,69093,9
4009,Employee_04009,43,69230,10
4010,Employee_04010,44,69367,1
4011,Employee_04011,45,69504,2
4012,Employee_04012,46,69641,3
4013,Employee_04013,47,69778,4
4014,Employee_04014,48,69915,5
4015,Employee_04015,49,70052,6
4016,Employee_04016,50,70189,7
4017,Employee_04017,51,70326,8
4018,Employee_04018,52,70463,9
4019,Employee_04019,53,70600,10
4020,Employee_04020,54,70737,1
4021,Employee_04021,55,70874,2
4022,Employee_04022,56,71011,3
4023,Employee_04023,57,71148,4
4024,Employee_04024,58,71285,5
4025,Employee_04025,59,71422,6
4026,Employee_04026,60,71559,7
4027,Employee_04027,61,71696,8
4028,Employee_04028,62,71833,9
4029,Employee_04029,63,71970,10
4030,Employee_04030,64,72107,1
4031,Employee_04031,65,72244,2
4032,Employee_04032,18,72381,3
4033,Employee_04033,19,72518,4
4034,Employee_04034,20,72655,5
4035,Employee_04035,21,72792,6
4036,Employee_04036,22,72929,7
4037,Employee_04037,23,73066,8
4038,Employee_04038,24,73203,9
4039,Employee_04039,25,73340,10
4040,Employee_04040,26,73477,1
4041,Employee_04041,27,73614,2
4042,Employee_04042,28,73751,3
4043,Employee_04043,29,73888,4
4044,Employee_04044,30,74025,5
4045,Employee_04045,31,74162,6
4046,Employee_04046,32,74299,7
4047,Employee_04047,33,74436,8
4048,Employee_04048,34,74573,9
4049,Employee_04049,35,74710,10
4050,Employee_04050,36,74847,1
4051,Employee_04051,37,74984,2
4052,Employee_04052,38,75121,3
4053,Employee_04053,39,75258,4
4054,Employee_04054,40,75395,5
4055,Employee_04055,41,75532,6
4056,Employee_04056,42,75669,7
4057,Employee_04057,43,75806,8
4058,Employee_04058,44,75943,9
4059,Employee_04059,45,76080,10
4060,Employee_04060,46,76217,1
4061,Employee_04061,47,76354,2
4062,Employee_04062,48,76491,3
4063,Employee_04063,49,76628,4
4064,Employee_04064,50,76765,5
4065,Employee_04065,51,76902,6
4066,Employee_04066,52,77039,7
4067,Employee_04067,53,77176,8
4068,Employee_04068,54,77313,9
4069,Employee_04069,55,77450,10
4070,Employee_04070,56,77587,1
4071,Employee_04071,57,77724,2
4072,Employee_04072,58,77861,3
4073,Employee_04073,59,77998,4
4074,Employee_04074,60,78135,5
4075,Employee_04075,61,78272,6
4076,Employee_04076,62,78409,7
4077,Employee_04077,63,78546,8
4078,Employee_04078,64,78683,9
4079,Employee_04079,65,78820,10
4080,Employee_04080,18,78957,1
4081,Employee_04081,19,79094,2
4082,Employee_04082,20,79231,3
4083,Employee_04083,21,79368,4
4084,Employee_04084,22,79505,5
4085,Employee_04085,23,79642,6
4086,Employee_04086,24,79779,7
4087,Employee_04087,25,79916,8
4088,Employee_04088,26,80053,9
4089,Employee_04089,27,80190,10
4090,Employee_04090,28,80327,1
4091,Employee_04091,29,80464,2
4092,Employee_04092,30,80601,3
4093,Employee_04093,31,80738,4
4094,Employee_04094,32,80875,5
4095,Employee_04095,33,81012,6
4096,Employee_04096,34,81149,7
4097,Employee_04097,35,81286,8
4098,Employee_04098,36,81423,9
4099,Employee_04099,37,81560,10
4100,Employee_04100,38,81697,1
4101,Employee_04101,39,81834,2
4102,Employee_04102,40,81971,3
4103,Employee_04103,41,82108,4
4104,Employee_04104,42,82245,5
4105,Employee_04105,43,82382,6
4106,Employee_04106,44,82519,7
4107,Employee_04107,45,82656,8
4108,Employee_04108,46,82793,9
4109,Employee_04109,47,82930,10
4110,Employee_04110,48,83067,1
4111,Employee_04111,49,83204,2
4112,Employee_04112,50,83341,3
4113,Employee_04113,51,83478,4
4114,Employee_04114,52,83615,5
4115,Employee_04115,53,83752,6
4116,Employee_04116,54,83889,7
4117,Employee_04117,55,84026,8
4118,Employee_04118,56,84163,9
4119,Employee_04119,57,84300,10
4120,Employee_04120,58,84437,1
4121,Employee_04121,59,84574,2
4122,Employee_04122,60,84711,3
4123,Employee_04123,61,84848,4
4124,Employee_04124,62,84985,5
4125,Employee_04125,63,85122,6
4126,Employee_04126,64,85259,7
4127,Employee_04127,65,85396,8
4128,Employee_04128,18,85533,9
4129,Employee_04129,19,85670,10
4130,Employee_04130,20,85807,1
4131,Employee_04131,21,85944,2
4132,Employee_04132,22,86081,3
4133,Employee_04133,23,86218,4
4134,Employee_04134,24,86355,5
4135,Employee_04135,25,86492,6
4136,Employee_04136,26,86629,7
4137,Employee_04137,27,86766,8
4138,Employee_04138,28,86903,9
4139,Employee_04139,29,87040,10
4140,Employee_04140,30,87177,1
4141,Employee_04141,31,87314,2
4142,Employee_04142,32,87451,3
4143,Employee_04143,33,87588,4
4144,Employee_04144,34,87725,5
4145,Employee_04145,35,87862,6
4146,Employee_04146,36,87999,7
4147,Employee_04147,37,88136,8
4148,Employee_04148,38,88273,9
4149,Employee_04149,39,88410,10
4150,Employee_04150,40,88547,1
4151,Employee_04151,41,88684,2
4152,Employee_04152,42,88821,3
4153,Employee_04153,43,88958,4
4154,Employee_04154,44,89095,5
4155,Employee_04155,45,89232,6
4156,Employee_04156,46,89369,7
4157,Employee_04157,47,89506,8
4158,Employee_04158,48,89643,9
4159,Employee_04159,49,89780,10
4160,Employee_04160,50,89917,1
4161,Employee_04161,51,90054,2
4162,Employee_04162,52,90191,3
4163,Employee_04163,53,90328,4
4164,Employee_04164,54,90465,5
4165,Employee_04165,55,90602,6
4166,Employee_04166,56,90739,7
4167,Employee_04167,57,90876,8
4168,Employee_04168,58,91013,9
4169,Employee_04169,59,91150,10
4170,Employee_04170,60,91287,1
4171,Employee_04171,61,91424,2
4172,Employee_04172,62,91561,3
4173,Employee_04173,63,91698,4
4174,Employee_04174,64,91835,5
4175,Employee_04175,65,91972,6
4176,Employee_04176,18,92109,7
4177,Employee_04177,19,92246,8
4178,Employee_04178,20,92383,9
4179,Employee_04179,21,92520,10
4180,Employee_04180,22,92657,1
4181,Employee_04181,23,92794,2
4182,Employee_04182,24,92931,3
4183,Employee_04183,25,93068,4
4184,Employee_04184,26,93205,5
4185,Employee_04185,27,93342,6
4186,Employee_04186,28,93479,7
4187,Employee_04187,29,93616,8
4188,Employee_04188,30,93753,9
4189,Employee_04189,31,93890,10
4190,Employee_04190,32,94027,1
4191,Employee_04191,33,94164,2
4192,Employee_04192,34,94301,3
4193,Employee_04193,35,94438,4
4194,Employee_04194,36,94575,5
4195,Employee_04195,37,94712,6
4196,Employee_04196,38,94849,7
4197,Employee_04197,39,94986,8
4198,Employee_04198,40,95123,9
4199,Employee_04199,41,95260,10
4200,Employee_04200,42,95397,1
4201,Employee_04201,43,95534,2
4202,Employee_04202,44,95671,3
4203,Employee_04203,45,95808,4
4204,Employee_04204,46,95945,5
4205,Employee_04205,47,96082,6
4206,Employee_04206,48,96219,7
4207,Employee_04207,49,96356,8
4208,Employee_04208,50,96493,9
4209,Employee_04209,51,96630,10
4210,Employee_04210,52,96767,1
4211,Employee_04211,53,96904,2
4212,Employee_04212,54,97041,3
4213,Employee_04213,55,97178,4
4214,Employee_04214,56,97315,5
4215,Employee_04215,57,97452,6
4216,Employee_04216,58,97589,7
4217,Employee_04217,59,97726,8
4218,Employee_04218,60,97863,9
4219,Employee_04219,61,98000,10
4220,Employee_04220,62,98137,1
4221,Employee_04221,63,98274,2
4222,Employee_04222,64,98411,3
4223,Employee_04223,65,98548,4
4224,Employee_04224,18,98685,5
4225,Employee_04225,19,98822,6
4226,Employee_04226,20,98959,7
4227,Employee_04227,21,99096,8
4228,Employee_04228,22,99233,9
4229,Employee_04229,23,99370,10
4230,Employee_04230,24,99507,1
4231,Employee_04231,25,99644,2
4232,Employee_04232,26,99781,3
4233,Employee_04233,27,99918,4
4234,Employee_04234,28,100055,5
4235,Employee_04235,29,100192,6
4236,Employee_04236,30,100329,7
4237,Employee_04237,31,100466,8
4238,Employee_04238,32,100603,9
4239,Employee_04239,33,100740,10
4240,Employee_04240,34,100877,1
4241,Employee_04241,35,101014,2
4242,Employee_04242,36,101151,3
4243,Employee_04243,37,101288,4
4244,Employee_04244,38,101425,5
4245,Employee_04245,39,101562,6
4246,Employee_04246,40,101699,7
4247,Employee_04247,41,101836,8
4248,Employee_04248,42,101973,9
4249,Employee_04249,43,102110,10
4250,Employee_04250,44,102247,1
4251,Employee_04251,45,102384,2
4252,Employee_04252,46,102521,3
4253,Employee_04253,47,102658,4
4254,Employee_04254,48,102795,5
4255,Employee_04255,49,102932,6
4256,Employee_04256,50,103069,7
4257,Employee_04257,51,103206,8
4258,Employee_04258,52,103343,9
4259,Employee_04259,53,103480,10
4260,Employee_04260,54,103617,1
4261,Employee_04261,55,103754,2
4262,Employee_04262,56,103891,3
4263,Employee_04263,57,104028,4
4264,Employee_04264,58,104165,5
4265,Employee_04265,59,104302,6
4266,Employee_04266,60,104439,7
4267,Employee_04267,61,104576,8
4268,Employee_04268,62,104713,9
4269,Employee_04269,63,104850,10
4270,Employee_04270,64,104987,1
4271,Employee_04271,65,105124,2
4272,Employee_04272,18,105261,3
4273,Employee_04273,19,105398,4
4274,Employee_04274,20,105535,5
4275,Employee_04275,21,105672,6
4276,Employee_04276,22,105809,7
4277,Employee_04277,23,105946,8
4278,Employee_04278,24,106083,9
4279,Employee_04279,25,106220,10
4280,Employee_04280,26,106357,1
4281,Employee_04281,27,106494,2
4282,Employee_04282,28,106631,3
4283,Employee_04283,29,106768,4
4284,Employee_04284,30,106905,5
4285,Employee_04285,31,107042,6
4286,Employee_04286,32,107179,7
4287,Employee_04287,33,107316,8
4288,Employee_04288,34,107453,9
4289,Employee_04289,35,107590,10
4290,Employee_04290,36,107727,1
4291,Employee_04291,37,107864,2
4292,Employee_04292,38,108001,3
4293,Employee_04293,39,108138,4
4294,Employee_04294,40,108275,5
4295,Employee_04295,41,108412,6
4296,Employee_04296,42,108549,7
4297,Employee_04297,43,108686,8
4298,Employee_04298,44,108823,9
4299,Employee_04299,45,108960,10
4300,Employee_04300,46,109097,1
4301,Employee_04301,47,109234,2
4302,Employee_04302,48,109371,3
4303,Employee_04303,49,109508,4
4304,Employee_04304,50,109645,5
4305,Employee_04305,51,109782,6
4306,Employee_04306,52,109919,7
4307,Employee_04307,53,110056,8
4308,Employee_04308,54,110193,9
4309,Employee_04309,55,110330,10
4310,Employee_04310,56,110467,1
4311,Employee_04311,57,110604,2
4312,Employee_04312,58,110741,3
4313,Employee_04313,59,110878,4
4314,Employee_04314,60,111015,5
4315,Employee_04315,61,111152,6
4316,Employee_04316,62,111289,7
4317,Employee_04317,63,111426,8
4318,Employee_04318,64,111563,9
4319,Employee_04319,65,111700,10
4320,Employee_04320,18,111837,1
4321,Employee_04321,19,111974,2
4322,Employee_04322,20,112111,3
4323,Employee_04323,21,112248,4
4324,Employee_04324,22,112385,5
4325,Employee_04325,23,112522,6
4326,Employee_04326,24,112659,7
4327,Employee_04327,25,112796,8
4328,Employee_04328,26,112933,9
4329,Employee_04329,27,113070,10
4330,Employee_04330,28,113207,1
4331,Employee_04331,29,113344,2
4332,Employee_04332,30,113481,3
4333,Employee_04333,31,113618,4
4334,Employee_04334,32,113755,5
4335,Employee_04335,33,113892,6
4336,Employee_04336,34,114029,7
4337,Employee_04337,35,114166,8
4338,Employee_04338,36,114303,9
4339,Employee_04339,37,114440,10
4340,Employee_04340,38,114577,1
4341,Employee_04341,39,114714,2
4342,Employee_04342,40,114851,3
4343,Employee_04343,41,114988,4
4344,Employee_04344,42,115125,5
4345,Employee_04345,43,115262,6
4346,Employee_04346,44,115399,7
4347,Employee_04347,45,115536,8
4348,Employee_04348,46,115673,9
4349,Employee_04349,47,115810,10
4350,Employee_04350,48,115947,1
4351,Employee_04351,49,116084,2
4352,Employee_04352,50,116221,3
4353,Employee_04353,51,116358,4
4354,Employee_04354,52,116495,5
4355,Employee_04355,53,116632,6
4356,Employee_04356,54,116769,7
4357,Employee_04357,55,116906,8
4358,Employee_04358,56,117043,9
4359,Employee_04359,57,117180,10
4360,Employee_04360,58,117317,1
4361,Employee_04361,59,117454,2
4362,Employee_04362,60,117591,3
4363,Employee_04363,61,117728,4
4364,Employee_04364,62,117865,5
4365,Employee_04365,63,118002,6
4366,Employee_04366,64,118139,7
4367,Employee_04367,65,118276,8
4368,Employee_04368,18,118413,9
4369,Employee_04369,19,118550,10
4370,Employee_04370,20,118687,1
4371,Employee_04371,21,118824,2
4372,Employee_04372,22,118961,3
4373,Employee_04373,23,119098,4
4374,Employee_04374,24,119235,5
4375,Employee_04375,25,119372,6
4376,Employee_04376,26,119509,7
4377,Employee_04377,27,119646,8
4378,Employee_04378,28,119783,9
4379,Employee_04379,29,119920,10
4380,Employee_04380,30,120057,1
4381,Employee_04381,31,120194,2
4382,Employee_04382,32,120331,3
4383,Employee_04383,33,120468,4
4384,Employee_04384,34,120605,5
4385,Employee_04385,35,120742,6
4386,Employee_04386,36,120879,7
4387,Employee_04387,37,121016,8
4388,Employee_04388,38,121153,9
4389,Employee_04389,39,121290,10
4390,Employee_04390,40,121427,1
4391,Employee_04391,41,121564,2
4392,Employee_04392,42,121701,3
4393,Employee_04393,43,121838,4
4394,Employee_04394,44,121975,5
4395,Employee_04395,45,122112,6
4396,Employee_04396,46,122249,7
4397,Employee_04397,47,122386,8
4398,Employee_04398,48,122523,9
4399,Employee_04399,49,122660,10
4400,Employee_04400,50,122797,1
4401,Employee_04401,51,122934,2
4402,Employee_04402,52,123071,3
4403,Employee_04403,53,123208,4
4404,Employee_04404,54,123345,5
4405,Employee_04405,55,123482,6
4406,Employee_04406,56,123619,7
4407,Employee_04407,57,123756,8
4408,Employee_04408,58,123893,9
4409,Employee_04409,59,124030,10
4410,Employee_04410,60,124167,1
4411,Employee_04411,61,124304,2
4412,Employee_04412,62,124441,3
4413,Employee_04413,63,124578,4
4414,Employee_04414,64,124715,5
4415,Employee_04415,65,124852,6
4416,Employee_04416,18,124989,7
4417,Employee_04417,19,125126,8
4418,Employee_04418,20,125263,9
4419,Employee_04419,21,125400,10
4420,Employee_04420,22,125537,1
4421,Employee_04421,23,125674,2
4422,Employee_04422,24,125811,3
4423,Employee_04423,25,125948,4
4424,Employee_04424,26,126085,5
4425,Employee_04425,27,126222,6
4426,Employee_04426,28,126359,7
4427,Employee_04427,29,126496,8
4428,Employee_04428,30,126633,9
4429,Employee_04429,31,126770,10
4430,Employee_04430,32,126907,1
4431,Employee_04431,33,127044,2
4432,Employee_04432,34,127181,3
4433,Employee_04433,35,127318,4
4434,Employee_04434,36,127455,5
4435,Employee_04435,37,127592,6
4436,Employee_04436,38,127729,7
4437,Employee_04437,39,127866,8
4438,Employee_04438,40,128003,9
4439,Employee_04439,41,128140,10
4440,Employee_04440,42,128277,1
4441,Employee_04441,43,128414,2
4442,Employee_04442,44,128551,3
4443,Employee_04443,45,128688,4
4444,Employee_04444,46,128825,5
4445,Employee_04445,47,128962,6
4446,Employee_04446,48,129099,7
4447,Employee_04447,49,129236,8
4448,Employee_04448,50,129373,9
4449,Employee_04449,51,129510,10
4450,Employee_04450,52,129647,1
4451,Employee_04451,53,129784,2
4452,Employee_04452,54,129921,3
4453,Employee_04453,55,130058,4
4454,Employee_04454,56,130195,5
4455,Employee_04455,57,130332,6
4456,Employee_04456,58,130469,7
4457,Employee_04457,59,130606,8
4458,Employee_04458,60,130743,9
4459,Employee_04459,61,130880,10
4460,Employee_04460,62,131017,1
4461,Employee_04461,63,131154,2
4462,Employee_04462,64,131291,3
4463,Employee_04463,65,131428,4
4464,Employee_04464,18,131565,5
4465,Employee_04465,19,131702,6
4466,Employee_04466,20,131839,7
4467,Employee_04467,21,131976,8
4468,Employee_04468,22,132113,9
4469,Employee_04469,23,132250,10
4470,Employee_04470,24,132387,1
4471,Employee_04471,25,132524,2
4472,Employee_04472,26,132661,3
4473,Employee_04473,27,132798,4
4474,Employee_04474,28,132935,5
4475,Employee_04475,29,133072,6
4476,Employee_04476,30,133209,7
4477,Employee_04477,31,133346,8
4478,Employee_04478,32,133483,9
4479,Employee_04479,33,133620,10
4480,Employee_04480,34,133757,1
4481,Employee_04481,35,133894,2
4482,Employee_04482,36,134031,3
4483,Employee_04483,37,134168,4
4484,Employee_04484,38,134305,5
4485,Employee_04485,39,134442,6
4486,Employee_04486,40,134579,7
4487,Employee_04487,41,134716,8
4488,Employee_04488,42,134853,9
4489,Employee_04489,43,134990,10
4490,Employee_04490,44,135127,1
4491,Employee_04491,45,135264,2
4492,Employee_04492,46,135401,3
4493,Employee_04493,47,135538,4
4494,Employee_04494,48,135675,5
4495,Employee_04495,49,135812,6
4496,Employee_04496,50,135949,7
4497,Employee_04497,51,136086,8
4498,Employee_04498,52,136223,9
4499,Employee_04499,53,136360,10
4500,Employee_04500,54,136497,1
4501,Employee_04501,55,136634,2
4502,Employee_04502,56,136771,3
4503,Employee_04503,57,136908,4
4504,Employee_04504,58,137045,5
4505,Employee_04505,59,137182,6
4506,Employee_04506,60,137319,7
4507,Employee_04507,61,137456,8
4508,Employee_04508,62,137593,9
4509,Employee_04509,63,137730,10
4510,Employee_04510,64,137867,1
4511,Employee_04511,65,138004,2
4512,Employee_04512,18,138141,3
4513,Employee_04513,19,138278,4
4514,Employee_04514,20,138415,5
4515,Employee_04515,21,138552,6
4516,Employee_04516,22,138689,7
4517,Employee_04517,23,138826,8
4518,Employee_04518,24,138963,9
4519,Employee_04519,25,139100,10
4520,Employee_04520,26,139237,1
4521,Employee_04521,27,139374,2
4522,Employee_04522,28,139511,3
4523,Employee_04523,29,139648,4
4524,Employee_04524,30,139785,5
4525,Employee_04525,31,139922,6
4526,Employee_04526,32,140059,7
4527,Employee_04527,33,140196,8
4528,Employee_04528,34,140333,9
4529,Employee_04529,35,140470,10
4530,Employee_04530,36,140607,1
4531,Employee_04531,37,140744,2
4532,Employee_04532,38,140881,3
4533,Employee_04533,39,141018,4
4534,Employee_04534,40,141155,5
4535,Employee_04535,41,141292,6
4536,Employee_04536,42,141429,7
4537,Employee_04537,43,141566,8
4538,Employee_04538,44,141703,9
4539,Employee_04539,45,141840,10
4540,Employee_04540,46,141977,1
4541,Employee_04541,47,142114,2
4542,Employee_04542,48,142251,3
4543,Employee_04543,49,142388,4
4544,Employee_04544,50,142525,5
4545,Employee_04545,51,142662,6
4546,Employee_04546,52,142799,7
4547,Employee_04547,53,142936,8
4548,Employee_04548,54,143073,9
4549,Employee_04549,55,143210,10
4550,Employee_04550,56,143347,1
4551,Employee_04551,57,143484,2
4552,Employee_04552,58,143621,3
4553,Employee_04553,59,143758,4
4554,Employee_04554,60,143895,5
4555,Employee_04555,61,144032,6
4556,Employee_04556,62,144169,7
4557,Employee_04557,63,144306,8
4558,Employee_04558,64,144443,9
4559,Employee_04559,65,144580,10
4560,Employee_04560,18,144717,1
4561,Employee_04561,19,144854,2
4562,Employee_04562,20,144991,3
4563,Employee_04563,21,145128,4
4564,Employee_04564,22,145265,5
4565,Employee_04565,23,145402,6
4566,Employee_04566,24,145539,7
4567,Employee_04567,25,145676,8
4568,Employee_04568,26,145813,9
4569,Employee_04569,27,145950,10
4570,Employee_04570,28,146087,1
4571,Employee_04571,29,146224,2
4572,Employee_04572,30,146361,3
4573,Employee_04573,31,146498,4
4574,Employee_04574,32,146635,5
4575,Employee_04575,33,146772,6
4576,Employee_04576,34,146909,7
4577,Employee_04577,35,147046,8
4578,Employee_04578,36,147183,9
4579,Employee_04579,37,147320,10
4580,Employee_04580,38,147457,1
4581,Employee_04581,39,147594,2
4582,Employee_04582,40,147731,3
4583,Employee_04583,41,147868,4
4584,Employee_04584,42,148005,5
4585,Employee_04585,43,148142,6
4586,Employee_04586,44,148279,7
4587,Employee_04587,45,148416,8
4588,Employee_04588,46,148553,9
4589,Employee_04589,47,148690,10
4590,Employee_04590,48,148827,1
4591,Employee_04591,49,148964,2
4592,Employee_04592,50,149101,3
4593,Employee_04593,51,149238,4
4594,Employee_04594,52,149375,5
4595,Employee_04595,53,149512,6
4596,Employee_04596,54,149649,7
4597,Employee_04597,55,149786,8
4598,Employee_04598,56,149923,9
4599,Employee_04599,57,150060,10
4600,Employee_04600,58,150197,1
4601,Employee_04601,59,150334,2
4602,Employee_04602,60,150471,3
4603,Employee_04603,61,150608,4
4604,Employee_04604,62,150745,5
4605,Employee_04605,63,150882,6
4606,Employee_04606,64,151019,7
4607,Employee_04607,65,151156,8
4608,Employee_04608,18,151293,9
4609,Employee_04609,19,151430,10
4610,Employee_04610,20,151567,1
4611,Employee_04611,21,151704,2
4612,Employee_04612,22,151841,3
4613,Employee_04613,23,151978,4
4614,Employee_04614,24,152115,5
4615,Employee_04615,25,152252,6
4616,Employee_04616,26,152389,7
4617,Employee_04617,27,152526,8
4618,Employee_04618,28,152663,9
4619,Employee_04619,29,152800,10
4620,Employee_04620,30,152937,1
4621,Employee_04621,31,153074,2
4622,Employee_04622,32,153211,3
4623,Employee_04623,33,153348,4
4624,Employee_04624,34,153485,5
4625,Employee_04625,35,153622,6
4626,Employee_04626,36,153759,7
4627,Employee_04627,37,153896,8
4628,Employee_04628,38,154033,9
4629,Employee_04629,39,154170,10
4630,Employee_04630,40,154307,1
4631,Employee_04631,41,154444,2
4632,Employee_04632,42,154581,3
4633,Employee_04633,43,154718,4
4634,Employee_04634,44,154855,5
4635,Employee_04635,45,154992,6
4636,Employee_04636,46,155129,7
4637,Employee_04637,47,155266,8
4638,Employee_04638,48,155403,9
4639,Employee_04639,49,155540,10
4640,Employee_04640,50,155677,1
4641,Employee_04641,51,155814,2
4642,Employee_04642,52,155951,3
4643,Employee_04643,53,156088,4
4644,Employee_04644,54,156225,5
4645,Employee_04645,55,156362,6
4646,Employee_04646,56,156499,7
4647,Employee_04647,57,156636,8
4648,Employee_04648,58,156773,9
4649,Employee_04649,59,156910,10
4650,Employee_04650,60,157047,1
4651,Employee_04651,61,157184,2
4652,Employee_04652,62,157321,3
4653,Employee_04653,63,157458,4
4654,Employee_04654,64,157595,5
4655,Employee_04655,65,157732,6
4656,Employee_04656,18,157869,7
4657,Employee_04657,19,158006,8
4658,Employee_04658,20,158143,9
4659,Employee_04659,21,158280,10
4660,Employee_04660,22,158417,1
4661,Employee_04661,23,158554,2
4662,Employee_04662,24,158691,3
4663,Employee_04663,25,158828,4
4664,Employee_04664,26,158965,5
4665,Employee_04665,27,159102,6
4666,Employee_04666,28,159239,7
4667,Employee_04667,29,159376,8
4668,Employee_04668,30,159513,9
4669,Employee_04669,31,159650,10
4670,Employee_04670,32,159787,1
4671,Employee_04671,33,159924,2
4672,Employee_04672,34,160061,3
4673,Employee_04673,35,160198,4
4674,Employee_04674,36,160335,5
4675,Employee_04675,37,160472,6
4676,Employee_04676,38,160609,7
4677,Employee_04677,39,160746,8
4678,Employee_04678,40,160883,9
4679,Employee_04679,41,161020,10
4680,Employee_04680,42,161157,1
4681,Employee_04681,43,161294,2
4682,Employee_04682,44,161431,3
4683,Employee_04683,45,161568,4
4684,Employee_04684,46,161705,5
4685,Employee_04685,47,161842,6
4686,Employee_04686,48,161979,7
4687,Employee_04687,49,162116,8
4688,Employee_04688,50,162253,9
4689,Employee_04689,51,162390,10
4690,Employee_04690,52,162527,1
4691,Employee_04691,53,162664,2
4692,Employee_04692,54,162801,3
4693,Employee_04693,55,162938,4
4694,Employee_04694,56,163075,5
4695,Employee_04695,57,163212,6
4696,Employee_04696,58,163349,7
4697,Employee_04697,59,163486,8
4698,Employee_04698,60,163623,9
4699,Employee_04699,61,163760,10
4700,Employee_04700,62,163897,1
4701,Employee_04701,63,164034,2
4702,Employee_04702,64,164171,3
4703,Employee_04703,65,164308,4
4704,Employee_04704,18,164445,5
4705,Employee_04705,19,164582,6
4706,Employee_04706,20,164719,7
4707,Employee_04707,21,164856,8
4708,Employee_04708,22,164993,9
4709,Employee_04709,23,165130,10
4710,Employee_04710,24,165267,1
4711,Employee_04711,25,165404,2
4712,Employee_04712,26,165541,3
4713,Employee_04713,27,165678,4
4714,Employee_04714,28,165815,5
4715,Employee_04715,29,165952,6
4716,Employee_04716,30,166089,7
4717,Employee_04717,31,166226,8
4718,Employee_04718,32,166363,9
4719,Employee_04719,33,166500,10
4720,Employee_04720,34,166637,1
4721,Employee_04721,35,166774,2
4722,Employee_04722,36,166911,3
4723,Employee_04723,37,167048,4
4724,Employee_04724,38,167185,5
4725,Employee_04725,39,167322,6
4726,Employee_04726,40,167459,7
4727,Employee_04727,41,167596,8
4728,Employee_04728,42,167733,9
4729,Employee_04729,43,167870,10
4730,Employee_04730,44,168007,1
4731,Employee_04731,45,168144,2
4732,Employee_04732,46,168281,3
4733,Employee_04733,47,168418,4
4734,Employee_04734,48,168555,5
4735,Employee_04735,49,168692,6
4736,Employee_04736,50,168829,7
4737,Employee_04737,51,168966,8
4738,Employee_04738,52,169103,9
4739,Employee_04739,53,169240,10
4740,Employee_04740,54,169377,1
4741,Employee_04741,55,169514,2
4742,Employee_04742,56,169651,3
4743,Employee_04743,57,169788,4
4744,Employee_04744,58,169925,5
4745,Employee_04745,59,170062,6
4746,Employee_04746,60,170199,7
4747,Employee_04747,61,170336,8
4748,Employee_04748,62,170473,9
4749,Employee_04749,63,170610,10
4750,Employee_04750,64,170747,1
4751,Employee_04751,65,170884,2
4752,Employee_04752,18,171021,3
4753,Employee_04753,19,171158,4
4754,Employee_04754,20,171295,5
4755,Employee_04755,21,171432,6
4756,Employee_04756,22,171569,7
4757,Employee_04757,23,171706,8
4758,Employee_04758,24,171843,9
4759,Employee_04759,25,171980,10
4760,Employee_04760,26,172117,1
4761,Employee_04761,27,172254,2
4762,Employee_04762,28,172391,3
4763,Employee_04763,29,172528,4
4764,Employee_04764,30,172665,5
4765,Employee_04765,31,172802,6
4766,Employee_04766,32,172939,7
4767,Employee_04767,33,173076,8
4768,Employee_04768,34,173213,9
4769,Employee_04769,35,173350,10
4770,Employee_04770,36,173487,1
4771,Employee_04771,37,173624,2
4772,Employee_04772,38,173761,3
4773,Employee_04773,39,173898,4
4774,Employee_04774,40,174035,5
4775,Employee_04775,41,174172,6
4776,Employee_04776,42,174309,7
4777,Employee_04777,43,174446,8
4778,Employee_04778,44,174583,9
4779,Employee_04779,45,174720,10
4780,Employee_04780,46,174857,1
4781,Employee_04781,47,174994,2
4782,Employee_04782,48,175131,3
4783,Employee_04783,49,175268,4
4784,Employee_04784,50,175405,5
4785,Employee_04785,51,175542,6
4786,Employee_04786,52,175679,7
4787,Employee_04787,53,175816,8
4788,Employee_04788,54,175953,9
4789,Employee_04789,55,176090,10
4790,Employee_04790,56,176227,1
4791,Employee_04791,57,176364,2
4792,Employee_04792,58,176501,3
4793,Employee_04793,59,176638,4
4794,Employee_04794,60,176775,5
4795,Employee_04795,61,176912,6
4796,Employee_04796,62,177049,7
4797,Employee_04797,63,177186,8
4798,Employee_04798,64,177323,9
4799,Employee_04799,65,177460,10
4800,Employee_04800,18,177597,1
4801,Employee_04801,19,177734,2
4802,Employee_04802,20,177871,3
4803,Employee_04803,21,178008,4
4804,Employee_04804,22,178145,5
4805,Employee_04805,23,178282,6
4806,Employee_04806,24,178419,7
4807,Employee_04807,25,178556,8
4808,Employee_04808,26,178693,9
4809,Employee_04809,27,178830,10
4810,Employee_04810,28,178967,1
4811,Employee_04811,29,179104,2
4812,Employee_04812,30,179241,3
4813,Employee_04813,31,179378,4
4814,Employee_04814,32,179515,5
4815,Employee_04815,33,179652,6
4816,Employee_04816,34,179789,7
4817,Employee_04817,35,179926,8
4818,Employee_04818,36,180063,9
4819,Employee_04819,37,180200,10
4820,Employee_04820,38,180337,1
4821,Employee_04821,39,180474,2
4822,Employee_04822,40,180611,3
4823,Employee_04823,41,180748,4
4824,Employee_04824,42,180885,5
4825,Employee_04825,43,181022,6
4826,Employee_04826,44,181159,7
4827,Employee_04827,45,181296,8
4828,Employee_04828,46,181433,9
4829,Employee_04829,47,181570,10
4830,Employee_04830,48,181707,1
4831,Employee_04831,49,181844,2
4832,Employee_04832,50,181981,3
4833,Employee_04833,51,182118,4
4834,Employee_04834,52,182255,5
4835,Employee_04835,53,182392,6
4836,Employee_04836,54,182529,7
4837,Employee_04837,55,182666,8
4838,Employee_04838,56,182803,9
4839,Employee_04839,57,182940,10
4840,Employee_04840,58,183077,1
4841,Employee_04841,59,183214,2
4842,Employee_04842,60,183351,3
4843,Employee_04843,61,183488,4
4844,Employee_04844,62,183625,5
4845,Employee_04845,63,183762,6
4846,Employee_04846,64,183899,7
4847,Employee_04847,65,184036,8
4848,Employee_04848,18,184173,9
4849,Employee_04849,19,184310,10
4850,Employee_04850,20,184447,1
4851,Employee_04851,21,184584,2
4852,Employee_04852,22,184721,3
4853,Employee_04853,23,184858,4
4854,Employee_04854,24,184995,5
4855,Employee_04855,25,185132,6
4856,Employee_04856,26,185269,7
4857,Employee_04857,27,185406,8
4858,Employee_04858,28,185543,9
4859,Employee_04859,29,185680,10
4860,Employee_04860,30,185817,1
4861,Employee_04861,31,185954,2
4862,Employee_04862,32,186091,3
4863,Employee_04863,33,186228,4
4864,Employee_04864,34,186365,5
4865,Employee_04865,35,186502,6
4866,Employee_04866,36,186639,7
4867,Employee_04867,37,186776,8
4868,Employee_04868,38,186913,9
4869,Employee_04869,39,187050,10
4870,Employee_04870,40,187187,1
4871,Employee_04871,41,187324,2
4872,Employee_04872,42,187461,3
4873,Employee_04873,43,187598,4
4874,Employee_04874,44,187735,5
4875,Employee_04875,45,187872,6
4876,Employee_04876,46,188009,7
4877,Employee_04877,47,188146,8
4878,Employee_04878,48,188283,9
4879,Employee_04879,49,188420,10
4880,Employee_04880,50,188557,1
4881,Employee_04881,51,188694,2
4882,Employee_04882,52,188831,3
4883,Employee_04883,53,188968,4
4884,Employee_04884,54,189105,5
4885,Employee_04885,55,189242,6
4886,Employee_04886,56,189379,7
4887,Employee_04887,57,189516,8
4888,Employee_04888,58,189653,9
4889,Employee_04889,59,189790,10
4890,Employee_04890,60,189927,1
4891,Employee_04891,61,190064,2
4892,Employee_04892,62,190201,3
4893,Employee_04893,63,190338,4
4894,Employee_04894,64,190475,5
4895,Employee_04895,65,190612,6
4896,Employee_04896,18,190749,7
4897,Employee_04897,19,190886,8
4898,Employee_04898,20,191023,9
4899,Employee_04899,21,191160,10
4900,Employee_04900,22,191297,1
4901,Employee_04901,23,191434,2
4902,Employee_04902,24,191571,3
4903,Employee_04903,25,191708,4
4904,Employee_04904,26,191845,5
4905,Employee_04905,27,191982,6
4906,Employee_04906,28,192119,7
4907,Employee_04907,29,192256,8
4908,Employee_04908,30,192393,9
4909,Employee_04909,31,192530,10
4910,Employee_04910,32,192667,1
4911,Employee_04911,33,192804,2
4912,Employee_04912,34,192941,3
4913,Employee_04913,35,193078,4
4914,Employee_04914,36,193215,5
4915,Employee_04915,37,193352,6
4916,Employee_04916,38,193489,7
4917,Employee_04917,39,193626,8
4918,Employee_04918,40,193763,9
4919,Employee_04919,41,193900,10
4920,Employee_04920,42,194037,1
4921,Employee_04921,43,194174,2
4922,Employee_04922,44,194311,3
4923,Employee_04923,45,194448,4
4924,Employee_04924,46,194585,5
4925,Employee_04925,47,194722,6
4926,Employee_04926,48,194859,7
4927,Employee_04927,49,194996,8
4928,Employee_04928,50,195133,9
4929,Employee_04929,51,195270,10
4930,Employee_04930,52,195407,1
4931,Employee_04931,53,195544,2
4932,Employee_04932,54,195681,3
4933,Employee_04933,55,195818,4
4934,Employee_04934,56,195955,5
4935,Employee_04935,57,196092,6
4936,Employee_04936,58,196229,7
4937,Employee_04937,59,196366,8
4938,Employee_04938,60,196503,9
4939,Employee_04939,61,196640,10
4940,Employee_04940,62,196777,1
4941,Employee_04941,63,196914,2
4942,Employee_04942,64,197051,3
4943,Employee_04943,65,197188,4
4944,Employee_04944,18,197325,5
4945,Employee_04945,19,197462,6
4946,Employee_04946,20,197599,7
4947,Employee_04947,21,197736,8
4948,Employee_04948,22,197873,9
4949,Employee_04949,23,198010,10
4950,Employee_04950,24,198147,1
4951,Employee_04951,25,198284,2
4952,Employee_04952,26,198421,3
4953,Employee_04953,27,198558,4
4954,Employee_04954,28,198695,5
4955,Employee_04955,29,198832,6
4956,Employee_04956,30,198969,7
4957,Employee_04957,31,199106,8
4958,Employee_04958,32,199243,9
4959,Employee_04959,33,199380,10
4960,Employee_04960,34,199517,1
4961,Employee_04961,35,199654,2
4962,Employee_04962,36,199791,3
4963,Employee_04963,37,199928,4
4964,Employee_04964,38,30064,5
4965,Employee_04965,39,30201,6
4966,Employee_04966,40,30338,7
4967,Employee_04967,41,30475,8
4968,Employee_04968,42,30612,9
4969,Employee_04969,43,30749,10
4970,Employee_04970,44,30886,1
4971,Employee_04971,45,31023,2
4972,Employee_04972,46,31160,3
4973,Employee_04973,47,31297,4
4974,Employee_04974,48,31434,5
4975,Employee_04975,49,31571,6
4976,Employee_04976,50,31708,7
4977,Employee_04977,51,31845,8
4978,Employee_04978,52,31982,9
4979,Employee_04979,53,32119,10
4980,Employee_04980,54,32256,1
4981,Employee_04981,55,32393,2
4982,Employee_04982,56,32530,3
4983,Employee_04983,57,32667,4
4984,Employee_04984,58,32804,5
4985,Employee_04985,59,32941,6
4986,Employee_04986,60,33078,7
4987,Employee_04987,61,33215,8
4988,Employee_04988,62,33352,9
4989,Employee_04989,63,33489,10
4990,Employee_04990,64,33626,1
4991,Employee_04991,65,33763,2
4992,Employee_04992,18,33900,3
4993,Employee_04993,19,34037,4
4994,Employee_04994,20,34174,5
4995,Employee_04995,21,34311,6
4996,Employee_04996,22,34448,7
4997,Employee_04997,23,34585,8
4998,Employee_04998,24,34722,9
4999,Employee_04999,25,34859,10
5000,Employee_05000,26,34996,1
5001,Employee_05001,27,35133,2
5002,Employee_05002,28,35270,3
5003,Employee_05003,29,35407,4
5004,Employee_05004,30,35544,5
5005,Employee_05005,31,35681,6
5006,Employee_05006,32,35818,7
5007,Employee_05007,33,35955,8
5008,Employee_05008,34,36092,9
5009,Employee_05009,35,36229,10
5010,Employee_05010,36,36366,1
5011,Employee_05011,37,36503,2
5012,Employee_05012,38,36640,3
5013,Employee_05013,39,36777,4
5014,Employee_05014,40,36914,5
5015,Employee_05015,41,37051,6
5016,Employee_05016,42,37188,7
5017,Employee_05017,43,37325,8
5018,Employee_05018,44,37462,9
5019,Employee_05019,45,37599,10
5020,Employee_05020,46,37736,1
5021,Employee_05021,47,37873,2
5022,Employee_05022,48,38010,3
5023,Employee_05023,49,38147,4
5024,Employee_05024,50,38284,5
5025,Employee_05025,51,38421,6
5026,Employee_05026,52,38558,7
5027,Employee_05027,53,38695,8
5028,Employee_05028,54,38832,9
5029,Employee_05029,55,38969,10
5030,Employee_05030,56,39106,1
5031,Employee_05031,57,39243,2
5032,Employee_05032,58,39380,3
5033,Employee_05033,59,39517,4
5034,Employee_05034,60,39654,5
5035,Employee_05035,61,39791,6
5036,Employee_05036,62,39928,7
5037,Employee_05037,63,40065,8
5038,Employee_05038,64,40202,9
5039,Employee_05039,65,40339,10
5040,Employee_05040,18,40476,1
5041,Employee_05041,19,40613,2
5042,Employee_05042,20,40750,3
5043,Employee_05043,21,40887,4
5044,Employee_05044,22,41024,5
5045,Employee_05045,23,41161,6
5046,Employee_05046,24,41298,7
5047,Employee_05047,25,41435,8
5048,Employee_05048,26,41572,9
5049,Employee_05049,27,41709,10
5050,Employee_05050,28,41846,1
5051,Employee_05051,29,41983,2
5052,Employee_05052,30,42120,3
5053,Employee_05053,31,42257,4
5054,Employee_05054,32,42394,5
5055,Employee_05055,33,42531,6
5056,Employee_05056,34,42668,7
5057,Employee_05057,35,42805,8
5058,Employee_05058,36,42942,9
5059,Employee_05059,37,43079,10
5060,Employee_05060,38,43216,1
5061,Employee_05061,39,43353,2
5062,Employee_05062,40,43490,3
5063,Employee_05063,41,43627,4
5064,Employee_05064,42,43764,5
5065,Employee_05065,43,43901,6
5066,Employee_05066,44,44038,7
5067,Employee_05067,45,44175,8
5068,Employee_05068,46,44312,9
5069,Employee_05069,47,44449,10
5070,Employee_05070,48,44586,1
5071,Employee_05071,49,44723,2
5072,Employee_05072,50,44860,3
5073,Employee_05073,51,44997,4
5074,Employee_05074,52,45134,5
5075,Employee_05075,53,45271,6
5076,Employee_05076,54,45408,7
5077,Employee_05077,55,45545,8
5078,Employee_05078,56,45682,9
5079,Employee_05079,57,45819,10
5080,Employee_05080,58,45956,1
5081,Employee_05081,59,46093,2
5082,Employee_05082,60,46230,3
5083,Employee_05083,61,46367,4
5084,Employee_05084,62,46504,5
5085,Employee_05085,63,46641,6
5086,Employee_05086,64,46778,7
5087,Employee_05087,65,46915,8
5088,Employee_05088,18,47052,9
5089,Employee_05089,19,47189,10
5090,Employee_05090,20,47326,1
5091,Employee_05091,21,47463,2
5092,Employee_05092,22,47600,3
5093,Employee_05093,23,47737,4
5094,Employee_05094,24,47874,5
5095,Employee_05095,25,48011,6
5096,Employee_05096,26,48148,7
5097,Employee_05097,27,48285,8
5098,Employee_05098,28,48422,9
5099,Employee_05099,29,48559,10
5100,Employee_05100,30,48696,1
5101,Employee_05101,31,48833,2
5102,Employee_05102,32,48970,3
5103,Employee_05103,33,49107,4
5104,Employee_05104,34,49244,5
5105,Employee_05105,35,49381,6
5106,Employee_05106,36,49518,7
5107,Employee_05107,37,49655,8
5108,Employee_05108,38,49792,9
5109,Employee_05109,39,49929,10
5110,Employee_05110,40,50066,1
5111,Employee_05111,41,50203,2
5112,Employee_05112,42,50340,3
5113,Employee_05113,43,50477,4
5114,Employee_05114,44,50614,5
5115,Employee_05115,45,50751,6
5116,Employee_05116,46,50888,7
5117,Employee_05117,47,51025,8
5118,Employee_05118,48,51162,9
5119,Employee_05119,49,51299,10
5120,Employee_05120,50,51436,1
5121,Employee_05121,51,51573,2
5122,Employee_05122,52,51710,3
5123,Employee_05123,53,51847,4
5124,Employee_05124,54,51984,5
5125,Employee_05125,55,52121,6
5126,Employee_05126,56,52258,7
5127,Employee_05127,57,52395,8
5128,Employee_05128,58,52532,9
5129,Employee_05129,59,52669,10
5130,Employee_05130,60,52806,1
5131,Employee_05131,61,52943,2
5132,Employee_05132,62,53080,3
5133,Employee_05133,63,53217,4
5134,Employee_05134,64,53354,5
5135,Employee_05135,65,53491,6
5136,Employee_05136,18,53628,7
5137,Employee_05137,19,53765,8
5138,Employee_05138,20,53902,9
5139,Employee_05139,21,54039,10
5140,Employee_05140,22,54176,1
5141,Employee_05141,23,54313,2
5142,Employee_05142,24,54450,3
5143,Employee_05143,25,54587,4
5144,Employee_05144,26,54724,5
5145,Employee_05145,27,54861,6
5146,Employee_05146,28,54998,7
5147,Employee_05147,29,55135,8
5148,Employee_05148,30,55272,9
5149,Employee_05149,31,55409,10
5150,Employee_05150,32,55546,1
5151,Employee_05151,33,55683,2
5152,Employee_05152,34,55820,3
5153,Employee_05153,35,55957,4
5154,Employee_05154,36,56094,5
5155,Employee_05155,37,56231,6
5156,Employee_05156,38,56368,7
5157,Employee_05157,39,56505,8
5158,Employee_05158,40,56642,9
5159,Employee_05159,41,56779,10
5160,Employee_05160,42,56916,1
5161,Employee_05161,43,57053,2
5162,Employee_05162,44,57190,3
5163,Employee_05163,45,57327,4
5164,Employee_05164,46,57464,5
5165,Employee_05165,47,57601,6
5166,Employee_05166,48,57738,7
5167,Employee_05167,49,57875,8
5168,Employee_05168,50,58012,9
5169,Employee_05169,51,58149,10
5170,Employee_05170,52,58286,1
5171,Employee_05171,53,58423,2
5172,Employee_05172,54,58560,3
5173,Employee_05173,55,58697,4
5174,Employee_05174,56,58834,5
5175,Employee_05175,57,58971,6
5176,Employee_05176,58,59108,7
5177,Employee_05177,59,59245,8
5178,Employee_05178,60,59382,9
5179,Employee_05179,61,59519,10
5180,Employee_05180,62,59656,1
5181,Employee_05181,63,59793,2
5182,Employee_05182,64,59930,3
5183,Employee_05183,65,60067,4
5184,Employee_05184,18,60204,5
5185,Employee_05185,19,60341,6
5186,Employee_05186,20,60478,7
5187,Employee_05187,21,60615,8
5188,Employee_05188,22,60752,9
5189,Employee_05189,23,60889,10
5190,Employee_05190,24,61026,1
5191,Employee_05191,25,61163,2
5192,Employee_05192,26,61300,3
5193,Employee_05193,27,61437,4
5194,Employee_05194,28,61574,5
5195,Employee_05195,29,61711,6
5196,Employee_05196,30,61848,7
5197,Employee_05197,31,61985,8
5198,Employee_05198,32,62122,9
5199,Employee_05199,33,62259,10
5200,Employee_05200,34,62396,1
5201,Employee_05201,35,62533,2
5202,Employee_05202,36,62670,3
5203,Employee_05203,37,62807,4
5204,Employee_05204,38,62944,5
5205,Employee_05205,39,63081,6
5206,Employee_05206,40,63218,7
5207,Employee_05207,41,63355,8
5208,Employee_05208,42,63492,9
5209,Employee_05209,43,63629,10
5210,Employee_05210,44,63766,1
5211,Employee_05211,45,63903,2
5212,Employee_05212,46,64040,3
5213,Employee_05213,47,64177,4
5214,Employee_05214,48,64314,5
5215,Employee_05215,49,64451,6
5216,Employee_05216,50,64588,7
5217,Employee_05217,51,64725,8
5218,Employee_05218,52,64862,9
5219,Employee_05219,53,64999,10
5220,Employee_05220,54,65136,1
5221,Employee_05221,55,65273,2
5222,Employee_05222,56,65410,3
5223,Employee_05223,57,65547,4
5224,Employee_05224,58,65684,5
5225,Employee_05225,59,65821,6
5226,Employee_05226,60,65958,7
5227,Employee_05227,61,66095,8
5228,Employee_05228,62,66232,9
5229,Employee_05229,63,66369,10
5230,Employee_05230,64,66506,1
5231,Employee_05231,65,66643,2
5232,Employee_05232,18,66780,3
5233,Employee_05233,19,66917,4
5234,Employee_05234,20,67054,5
5235,Employee_05235,21,67191,6
5236,Employee_05236,22,67328,7
5237,Employee_05237,23,67465,8
5238,Employee_05238,24,67602,9
5239,Employee_05239,25,67739,10
5240,Employee_05240,26,67876,1
5241,Employee_05241,27,68013,2
5242,Employee_05242,28,68150,3
5243,Employee_05243,29,68287,4
5244,Employee_05244,30,68424,5
5245,Employee_05245,31,68561,6
5246,Employee_05246,32,68698,7
5247,Employee_05247,33,68835,8
5248,Employee_05248,34,68972,9
5249,Employee_05249,35,69109,10
5250,Employee_05250,36,69246,1
5251,Employee_05251,37,69383,2
5252,Employee_05252,38,69520,3
5253,Employee_05253,39,69657,4
5254,Employee_05254,40,69794,5
5255,Employee_05255,41,69931,6
5256,Employee_05256,42,70068,7
5257,Employee_05257,43,70205,8
5258,Employee_05258,44,70342,9
5259,Employee_05259,45,70479,10
5260,Employee_05260,46,70616,1
5261,Employee_05261,47,70753,2
5262,Employee_05262,48,70890,3
5263,Employee_05263,49,71027,4
5264,Employee_05264,50,71164,5
5265,Employee_05265,51,71301,6
5266,Employee_05266,52,71438,7
5267,Employee_05267,53,71575,8
5268,Employee_05268,54,71712,9
5269,Employee_05269,55,71849,10
5270,Employee_05270,56,71986,1
5271,Employee_05271,57,72123,2
5272,Employee_05272,58,72260,3
5273,Employee_05273,59,72397,4
5274,Employee_05274,60,72534,5
5275,Employee_05275,61,72671,6
5276,Employee_05276,62,72808,7
5277,Employee_05277,63,72945,8
5278,Employee_05278,64,73082,9
5279,Employee_05279,65,73219,10
5280,Employee_05280,18,73356,1
5281,Employee_05281,19,73493,2
5282,Employee_05282,20,73630,3
5283,Employee_05283,21,73767,4
5284,Employee_05284,22,73904,5
5285,Employee_05285,23,74041,6
5286,Employee_05286,24,74178,7
5287,Employee_05287,25,74315,8
5288,Employee_05288,26,74452,9
5289,Employee_05289,27,74589,10
5290,Employee_05290,28,74726,1
5291,Employee_05291,29,74863,2
5292,Employee_05292,30,75000,3
5293,Employee_05293,31,75137,4
5294,Employee_05294,32,75274,5
5295,Employee_05295,33,75411,6
5296,Employee_05296,34,75548,7
5297,Employee_05297,35,75685,8
5298,Employee_05298,36,75822,9
5299,Employee_05299,37,75959,10
5300,Employee_05300,38,76096,1
5301,Employee_05301,39,76233,2
5302,Employee_05302,40,76370,3
5303,Employee_05303,41,76507,4
5304,Employee_05304,42,76644,5
5305,Employee_05305,43,76781,6
5306,Employee_05306,44,76918,7
5307,Employee_05307,45,77055,8
5308,Employee_05308,46,77192,9
5309,Employee_05309,47,77329,10
5310,Employee_05310,48,77466,1
5311,Employee_05311,49,77603,2
5312,Employee_05312,50,77740,3
5313,Employee_05313,51,77877,4
5314,Employee_05314,52,78014,5
5315,Employee_05315,53,78151,6
5316,Employee_05316,54,78288,7
5317,Employee_05317,55,78425,8
5318,Employee_05318,56,78562,9
5319,Employee_05319,57,78699,10
5320,Employee_05320,58,78836,1
5321,Employee_05321,59,78973,2
5322,Employee_05322,60,79110,3
5323,Employee_05323,61,79247,4
5324,Employee_05324,62,79384,5
5325,Employee_05325,63,79521,6
5326,Employee_05326,64,79658,7
5327,Employee_05327,65,79795,8
5328,Employee_05328,18,79932,9
5329,Employee_05329,19,80069,10
5330,Employee_05330,20,80206,1
5331,Employee_05331,21,80343,2
5332,Employee_05332,22,80480,3
5333,Employee_05333,23,80617,4
5334,Employee_05334,24,80754,5
5335,Employee_05335,25,80891,6
5336,Employee_05336,26,81028,7
5337,Employee_05337,27,81165,8
5338,Employee_05338,28,81302,9
5339,Employee_05339,29,81439,10
5340,Employee_05340,30,81576,1
5341,Employee_05341,31,81713,2
5342,Employee_05342,32,81850,3
5343,Employee_05343,33,81987,4
5344,Employee_05344,34,82124,5
5345,Employee_05345,35,82261,6
5346,Employee_05346,36,82398,7
5347,Employee_05347,37,82535,8
5348,Employee_05348,38,82672,9
5349,Employee_05349,39,82809,10
5350,Employee_05350,40,82946,1
5351,Employee_05351,41,83083,2
5352,Employee_05352,42,83220,3
5353,Employee_05353,43,83357,4
5354,Employee_05354,44,83494,5
5355,Employee_05355,45,83631,6
5356,Employee_05356,46,83768,7
5357,Employee_05357,47,83905,8
5358,Employee_05358,48,84042,9
5359,Employee_05359,49,84179,10
5360,Employee_05360,50,84316,1
5361,Employee_05361,51,84453,2
5362,Employee_05362,52,84590,3
5363,Employee_05363,53,84727,4
5364,Employee_05364,54,84864,5
5365,Employee_05365,55,85001,6
5366,Employee_05366,56,85138,7
5367,Employee_05367,57,85275,8
5368,Employee_05368,58,85412,9
5369,Employee_05369,59,85549,10
5370,Employee_05370,60,85686,1
5371,Employee_05371,61,85823,2
5372,Employee_05372,62,85960,3
5373,Employee_05373,63,86097,4
5374,Employee_05374,64,86234,5
5375,Employee_05375,65,86371,6
5376,Employee_05376,18,86508,7
5377,Employee_05377,19,86645,8
5378,Employee_05378,20,86782,9
5379,Employee_05379,21,86919,10
5380,Employee_05380,22,87056,1
5381,Employee_05381,23,87193,2
5382,Employee_05382,24,87330,3
5383,Employee_05383,25,87467,4
5384,Employee_05384,26,87604,5
5385,Employee_05385,27,87741,6
5386,Employee_05386,28,87878,7
5387,Employee_05387,29,88015,8
5388,Employee_05388,30,88152,9
5389,Employee_05389,31,88289,10
5390,Employee_05390,32,88426,1
5391,Employee_05391,33,88563,2
5392,Employee_05392,34,88700,3
5393,Employee_05393,35,88837,4
5394,Employee_05394,36,88974,5
5395,Employee_05395,37,89111,6
5396,Employee_05396,38,89248,7
5397,Employee_05397,39,89385,8
5398,Employee_05398,40,89522,9
5399,Employee_05399,41,89659,10
5400,Employee_05400,42,89796,1
5401,Employee_05401,43,89933,2
5402,Employee_05402,44,90070,3
5403,Employee_05403,45,90207,4
5404,Employee_05404,46,90344,5
5405,Employee_05405,47,90481,6
5406,Employee_05406,48,90618,7
5407,Employee_05407,49,90755,8
5408,Employee_05408,50,90892,9
5409,Employee_05409,51,91029,10
5410,Employee_05410,52,91166,1
5411,Employee_05411,53,91303,2
5412,Employee_05412,54,91440,3
5413,Employee_05413,55,91577,4
5414,Employee_05414,56,91714,5
5415,Employee_05415,57,91851,6
5416,Employee_05416,58,91988,7
5417,Employee_05417,59,92125,8
5418,Employee_05418,60,92262,9
5419,Employee_05419,61,92399,10
5420,Employee_05420,62,92536,1
5421,Employee_05421,63,92673,2
5422,Employee_05422,64,92810,3
5423,Employee_05423,65,92947,4
5424,Employee_05424,18,93084,5
5425,Employee_05425,19,93221,6
5426,Employee_05426,20,93358,7
5427,Employee_05427,21,93495,8
5428,Employee_05428,22,93632,9
5429,Employee_05429,23,93769,10
5430,Employee_05430,24,93906,1
5431,Employee_05431,25,94043,2
5432,Employee_05432,26,94180,3
5433,Employee_05433,27,94317,4
5434,Employee_05434,28,94454,5
5435,Employee_05435,29,94591,6
5436,Employee_05436,30,94728,7
5437,Employee_05437,31,94865,8
5438,Employee_05438,32,95002,9
5439,Employee_05439,33,95139,10
5440,Employee_05440,34,95276,1
5441,Employee_05441,35,95413,2
5442,Employee_05442,36,95550,3
5443,Employee_05443,37,95687,4
5444,Employee_05444,38,95824,5
5445,Employee_05445,39,95961,6
5446,Employee_05446,40,96098,7
5447,Employee_05447,41,96235,8
5448,Employee_05448,42,96372,9
5449,Employee_05449,43,96509,10
5450,Employee_05450,44,96646,1
5451,Employee_05451,45,96783,2
5452,Employee_05452,46,96920,3
5453,Employee_05453,47,97057,4
5454,Employee_05454,48,97194,5
5455,Employee_05455,49,97331,6
5456,Employee_05456,50,97468,7
5457,Employee_05457,51,97605,8
5458,Employee_05458,52,97742,9
5459,Employee_05459,53,97879,10
5460,Employee_05460,54,98016,1
5461,Employee_05461,55,98153,2
5462,Employee_05462,56,98290,3
5463,Employee_05463,57,98427,4
5464,Employee_05464,58,98564,5
5465,Employee_05465,59,98701,6
5466,Employee_05466,60,98838,7
5467,Employee_05467,61,98975,8
5468,Employee_05468,62,99112,9
5469,Employee_05469,63,99249,10
5470,Employee_05470,64,99386,1
5471,Employee_05471,65,99523,2
5472,Employee_05472,18,99660,3
5473,Employee_05473,19,99797,4
5474,Employee_05474,20,99934,5
5475,Employee_05475,21,100071,6
5476,Employee_05476,22,100208,7
5477,Employee_05477,23,100345,8
5478,Employee_05478,24,100482,9
5479,Employee_05479,25,100619,10
5480,Employee_05480,26,100756,1
5481,Employee_05481,27,100893,2
5482,Employee_05482,28,101030,3
5483,Employee_05483,29,101167,4
5484,Employee_05484,30,101304,5
5485,Employee_05485,31,101441,6
5486,Employee_05486,32,101578,7
5487,Employee_05487,33,101715,8
5488,Employee_05488,34,101852,9
5489,Employee_05489,35,101989,10
5490,Employee_05490,36,102126,1
5491,Employee_05491,37,102263,2
5492,Employee_05492,38,102400,3
5493,Employee_05493,39,102537,4
5494,Employee_05494,40,102674,5
5495,Employee_05495,41,102811,6
5496,Employee_05496,42,102948,7
5497,Employee_05497,43,103085,8
5498,Employee_05498,44,103222,9
5499,Employee_05499,45,103359,10
5500,Employee_05500,46,103496,1
5501,Employee_05501,47,103633,2
5502,Employee_05502,48,103770,3
5503,Employee_05503,49,103907,4
5504,Employee_05504,50,104044,5
5505,Employee_05505,51,104181,6
5506,Employee_05506,52,104318,7
5507,Employee_05507,53,104455,8
5508,Employee_05508,54,104592,9
5509,Employee_05509,55,104729,10
5510,Employee_05510,56,104866,1
5511,Employee_05511,57,105003,2
5512,Employee_05512,58,105140,3
5513,Employee_05513,59,105277,4
5514,Employee_05514,60,105414,5
5515,Employee_05515,61,105551,6
5516,Employee_05516,62,105688,7
5517,Employee_05517,63,105825,8
5518,Employee_05518,64,105962,9
5519,Employee_05519,65,106099,10
5520,Employee_05520,18,106236,1
5521,Employee_05521,19,106373,2
5522,Employee_05522,20,106510,3
5523,Employee_05523,21,106647,4
5524,Employee_05524,22,106784,5
5525,Employee_05525,23,106921,6
5526,Employee_05526,24,107058,7
5527,Employee_05527,25,107195,8
5528,Employee_05528,26,107332,9
5529,Employee_05529,27,107469,10
5530,Employee_05530,28,107606,1
5531,Employee_05531,29,107743,2
5532,Employee_05532,30,107880,3
5533,Employee_05533,31,108017,4
5534,Employee_05534,32,108154,5
5535,Employee_05535,33,108291,6
5536,Employee_05536,34,108428,7
5537,Employee_05537,35,108565,8
5538,Employee_05538,36,108702,9
5539,Employee_05539,37,108839,10
5540,Employee_05540,38,108976,1
5541,Employee_05541,39,109113,2
5542,Employee_05542,40,109250,3
5543,Employee_05543,41,109387,4
5544,Employee_05544,42,109524,5
5545,Employee_05545,43,109661,6
5546,Employee_05546,44,109798,7
5547,Employee_05547,45,109935,8
5548,Employee_05548,46,110072,9
5549,Employee_05549,47,110209,10
5550,Employee_05550,48,110346,1
5551,Employee_05551,49,110483,2
5552,Employee_05552,50,110620,3
5553,Employee_05553,51,110757,4
5554,Employee_05554,52,110894,5
5555,Employee_05555,53,111031,6
5556,Employee_05556,54,111168,7
5557,Employee_05557,55,111305,8
5558,Employee_05558,56,111442,9
5559,Employee_05559,57,111579,10
5560,Employee_05560,58,111716,1
5561,Employee_05561,59,111853,2
5562,Employee_05562,60,111990,3
5563,Employee_05563,61,112127,4
5564,Employee_05564,62,112264,5
5565,Employee_05565,63,112401,6
5566,Employee_05566,64,112538,7
5567,Employee_05567,65,112675,8
5568,Employee_05568,18,112812,9
5569,Employee_05569,19,112949,10
5570,Employee_05570,20,113086,1
5571,Employee_05571,21,113223,2
5572,Employee_05572,22,113360,3
5573,Employee_05573,23,113497,4
5574,Employee_05574,24,113634,5
5575,Employee_05575,25,113771,6
5576,Employee_05576,26,113908,7
5577,Employee_05577,27,114045,8
5578,Employee_05578,28,114182,9
5579,Employee_05579,29,114319,10
5580,Employee_05580,30,114456,1
5581,Employee_05581,31,114593,2
5582,Employee_05582,32,114730,3
5583,Employee_05583,33,114867,4
5584,Employee_05584,34,115004,5
5585,Employee_05585,35,115141,6
5586,Employee_05586,36,115278,7
5587,Employee_05587,37,115415,8
5588,Employee_05588,38,115552,9
5589,Employee_05589,39,115689,10
5590,Employee_05590,40,115826,1
5591,Employee_05591,41,115963,2
5592,Employee_05592,42,116100,3
5593,Employee_05593,43,116237,4
5594,Employee_05594,44,116374,5
5595,Employee_05595,45,116511,6
5596,Employee_05596,46,116648,7
5597,Employee_05597,47,116785,8
5598,Employee_05598,48,116922,9
5599,Employee_05599,49,117059,10
5600,Employee_05600,50,117196,1
5601,Employee_05601,51,117333,2
5602,Employee_05602,52,117470,3
5603,Employee_05603,53,117607,4
5604,Employee_05604,54,117744,5
5605,Employee_05605,55,117881,6
5606,Employee_05606,56,118018,7
5607,Employee_05607,57,118155,8
5608,Employee_05608,58,118292,9
5609,Employee_05609,59,118429,10
5610,Employee_05610,60,118566,1
5611,Employee_05611,61,118703,2
5612,Employee_05612,62,118840,3
5613,Employee_05613,63,118977,4
5614,Employee_05614,64,119114,5
5615,Employee_05615,65,119251,6
5616,Employee_05616,18,119388,7
5617,Employee_05617,19,119525,8
5618,Employee_05618,20,119662,9
5619,Employee_05619,21,119799,10
5620,Employee_05620,22,119936,1
5621,Employee_05621,23,120073,2
5622,Employee_05622,24,120210,3
5623,Employee_05623,25,120347,4
5624,Employee_05624,26,120484,5
5625,Employee_05625,27,120621,6
5626,Employee_05626,28,120758,7
5627,Employee_05627,29,120895,8
5628,Employee_05628,30,121032,9
5629,Employee_05629,31,121169,10
5630,Employee_05630,32,121306,1
5631,Employee_05631,33,121443,2
5632,Employee_05632,34,121580,3
5633,Employee_05633,35,121717,4
5634,Employee_05634,36,121854,5
5635,Employee_05635,37,121991,6
5636,Employee_05636,38,122128,7
5637,Employee_05637,39,122265,8
5638,Employee_05638,40,122402,9
5639,Employee_05639,41,122539,10
5640,Employee_05640,42,122676,1
5641,Employee_05641,43,122813,2
5642,Employee_05642,44,122950,3
5643,Employee_05643,45,123087,4
5644,Employee_05644,46,123224,5
5645,Employee_05645,47,123361,6
5646,Employee_05646,48,123498,7
5647,Employee_05647,49,123635,8
5648,Employee_05648,50,123772,9
5649,Employee_05649,51,123909,10
5650,Employee_05650,52,124046,1
5651,Employee_05651,53,124183,2
5652,Employee_05652,54,124320,3
5653,Employee_05653,55,124457,4
5654,Employee_05654,56,124594,5
5655,Employee_05655,57,124731,6
5656,Employee_05656,58,124868,7
5657,Employee_05657,59,125005,8
5658,Employee_05658,60,125142,9
5659,Employee_05659,61,125279,10
5660,Employee_05660,62,125416,1
5661,Employee_05661,63,125553,2
5662,Employee_05662,64,125690,3
5663,Employee_05663,65,125827,4
5664,Employee_05664,18,125964,5
5665,Employee_05665,19,126101,6
5666,Employee_05666,20,126238,7
5667,Employee_05667,21,126375,8
5668,Employee_05668,22,126512,9
5669,Employee_05669,23,126649,10
5670,Employee_05670,24,126786,1
5671,Employee_05671,25,126923,2
5672,Employee_05672,26,127060,3
5673,Employee_05673,27,127197,4
5674,Employee_05674,28,127334,5
5675,Employee_05675,29,127471,6
5676,Employee_05676,30,127608,7
5677,Employee_05677,31,127745,8
5678,Employee_05678,32,127882,9
5679,Employee_05679,33,128019,10
5680,Employee_05680,34,128156,1
5681,Employee_05681,35,128293,2
5682,Employee_05682,36,128430,3
5683,Employee_05683,37,128567,4
5684,Employee_05684,38,128704,5
5685,Employee_05685,39,128841,6
5686,Employee_05686,40,128978,7
5687,Employee_05687,41,129115,8
5688,Employee_05688,42,129252,9
5689,Employee_05689,43,129389,10
5690,Employee_05690,44,129526,1
5691,Employee_05691,45,129663,2
5692,Employee_05692,46,129800,3
5693,Employee_05693,47,129937,4
5694,Employee_05694,48,130074,5
5695,Employee_05695,49,130211,6
5696,Employee_05696,50,130348,7
5697,Employee_05697,51,130485,8
5698,Employee_05698,52,130622,9
5699,Employee_05699,53,130759,10
5700,Employee_05700,54,130896,1
5701,Employee_05701,55,131033,2
5702,Employee_05702,56,131170,3
5703,Employee_05703,57,131307,4
5704,Employee_05704,58,131444,5
5705,Employee_05705,59,131581,6
5706,Employee_05706,60,131718,7
5707,Employee_05707,61,131855,8
5708,Employee_05708,62,131992,9
5709,Employee_05709,63,132129,10
5710,Employee_05710,64,132266,1
5711,Employee_05711,65,132403,2
5712,Employee_05712,18,132540,3
5713,Employee_05713,19,132677,4
5714,Employee_05714,20,132814,5
5715,Employee_05715,21,132951,6
5716,Employee_05716,22,133088,7
5717,Employee_05717,23,133225,8
5718,Employee_05718,24,133362,9
5719,Employee_05719,25,133499,10
5720,Employee_05720,26,133636,1
5721,Employee_05721,27,133773,2
5722,Employee_05722,28,133910,3
5723,Employee_05723,29,134047,4
5724,Employee_05724,30,134184,5
5725,Employee_05725,31,134321,6
5726,Employee_05726,32,134458,7
5727,Employee_05727,33,134595,8
5728,Employee_05728,34,134732,9
5729,Employee_05729,35,134869,10
5730,Employee_05730,36,135006,1
5731,Employee_05731,37,135143,2
5732,Employee_05732,38,135280,3
5733,Employee_05733,39,135417,4
5734,Employee_05734,40,135554,5
5735,Employee_05735,41,135691,6
5736,Employee_05736,42,135828,7
5737,Employee_05737,43,135965,8
5738,Employee_05738,44,136102,9
5739,Employee_05739,45,136239,10
5740,Employee_05740,46,136376,1
5741,Employee_05741,47,136513,2
5742,Employee_05742,48,136650,3
5743,Employee_05743,49,136787,4
5744,Employee_05744,50,136924,5
5745,Employee_05745,51,137061,6
5746,Employee_05746,52,137198,7
5747,Employee_05747,53,137335,8
5748,Employee_05748,54,137472,9
5749,Employee_05749,55,137609,10
5750,Employee_05750,56,137746,1
5751,Employee_05751,57,137883,2
5752,Employee_05752,58,138020,3
5753,Employee_05753,59,138157,4
5754,Employee_05754,60,138294,5
5755,Employee_05755,61,138431,6
5756,Employee_05756,62,138568,7
5757,Employee_05757,63,138705,8
5758,Employee_05758,64,138842,9
5759,Employee_05759,65,138979,10
5760,Employee_05760,18,139116,1
5761,Employee_05761,19,139253,2
5762,Employee_05762,20,139390,3
5763,Employee_05763,21,139527,4
5764,Employee_05764,22,139664,5
5765,Employee_05765,23,139801,6
5766,Employee_05766,24,139938,7
5767,Employee_05767,25,140075,8
5768,Employee_05768,26,140212,9
5769,Employee_05769,27,140349,10
5770,Employee_05770,28,140486,1
5771,Employee_05771,29,140623,2
5772,Employee_05772,30,140760,3
5773,Employee_05773,31,140897,4
5774,Employee_05774,32,141034,5
5775,Employee_05775,33,141171,6
5776,Employee_05776,34,141308,7
5777,Employee_05777,35,141445,8
5778,Employee_05778,36,141582,9
5779,Employee_05779,37,141719,10
5780,Employee_05780,38,141856,1
5781,Employee_05781,39,141993,2
5782,Employee_05782,40,142130,3
5783,Employee_05783,41,142267,4
5784,Employee_05784,42,142404,5
5785,Employee_05785,43,142541,6
5786,Employee_05786,44,142678,7
5787,Employee_05787,45,142815,8
5788,Employee_05788,46,142952,9
5789,Employee_05789,47,143089,10
5790,Employee_05790,48,143226,1
5791,Employee_05791,49,143363,2
5792,Employee_05792,50,143500,3
5793,Employee_05793,51,143637,4
5794,Employee_05794,52,143774,5
5795,Employee_05795,53,143911,6
5796,Employee_05796,54,144048,7
5797,Employee_05797,55,144185,8
5798,Employee_05798,56,144322,9
5799,Employee_05799,57,144459,10
5800,Employee_05800,58,144596,1
5801,Employee_05801,59,144733,2
5802,Employee_05802,60,144870,3
5803,Employee_05803,61,145007,4
5804,Employee_05804,62,145144,5
5805,Employee_05805,63,145281,6
5806,Employee_05806,64,145418,7
5807,Employee_05807,65,145555,8
5808,Employee_05808,18,145692,9
5809,Employee_05809,19,145829,10
5810,Employee_05810,20,145966,1
5811,Employee_05811,21,146103,2
5812,Employee_05812,22,146240,3
5813,Employee_05813,23,146377,4
5814,Employee_05814,24,146514,5
5815,Employee_05815,25,146651,6
5816,Employee_05816,26,146788,7
5817,Employee_05817,27,146925,8
5818,Employee_05818,28,147062,9
5819,Employee_05819,29,147199,10
5820,Employee_05820,30,147336,1
5821,Employee_05821,31,147473,2
5822,Employee_05822,32,147610,3
5823,Employee_05823,33,147747,4
5824,Employee_05824,34,147884,5
5825,Employee_05825,35,148021,6
5826,Employee_05826,36,148158,7
5827,Employee_05827,37,148295,8
5828,Employee_05828,38,148432,9
5829,Employee_05829,39,148569,10
5830,Employee_05830,40,148706,1
5831,Employee_05831,41,148843,2
5832,Employee_05832,42,148980,3
5833,Employee_05833,43,149117,4
5834,Employee_05834,44,149254,5
5835,Employee_05835,45,149391,6
5836,Employee_05836,46,149528,7
5837,Employee_05837,47,149665,8
5838,Employee_05838,48,149802,9
5839,Employee_05839,49,149939,10
5840,Employee_05840,50,150076,1
5841,Employee_05841,51,150213,2
5842,Employee_05842,52,150350,3
5843,Employee_05843,53,150487,4
5844,Employee_05844,54,150624,5
5845,Employee_05845,55,150761,6
5846,Employee_05846,56,150898,7
5847,Employee_05847,57,151035,8
5848,Employee_05848,58,151172,9
5849,Employee_05849,59,151309,10
5850,Employee_05850,60,151446,1
5851,Employee_05851,61,151583,2
5852,Employee_05852,62,151720,3
5853,Employee_05853,63,151857,4
5854,Employee_05854,64,151994,5
5855,Employee_05855,65,152131,6
5856,Employee_05856,18,152268,7
5857,Employee_05857,19,152405,8
5858,Employee_05858,20,152542,9
5859,Employee_05859,21,152679,10
5860,Employee_05860,22,152816,1
5861,Employee_05861,23,152953,2
5862,Employee_05862,24,153090,3
5863,Employee_05863,25,153227,4
5864,Employee_05864,26,153364,5
5865,Employee_05865,27,153501,6
5866,Employee_05866,28,153638,7
5867,Employee_05867,29,153775,8
5868,Employee_05868,30,153912,9
5869,Employee_05869,31,154049,10
5870,Employee_05870,32,154186,1
5871,Employee_05871,33,154323,2
5872,Employee_05872,34,154460,3
5873,Employee_05873,35,154597,4
5874,Employee_05874,36,154734,5
5875,Employee_05875,37,154871,6
5876,Employee_05876,38,155008,7
5877,Employee_05877,39,155145,8
5878,Employee_05878,40,155282,9
5879,Employee_05879,41,155419,10
5880,Employee_05880,42,155556,1
5881,Employee_05881,43,155693,2
5882,Employee_05882,44,155830,3
5883,Employee_05883,45,155967,4
5884,Employee_05884,46,156104,5
5885,Employee_05885,47,156241,6
5886,Employee_05886,48,156378,7
5887,Employee_05887,49,156515,8
5888,Employee_05888,50,156652,9
5889,Employee_05889,51,156789,10
5890,Employee_05890,52,156926,1
5891,Employee_05891,53,157063,2
5892,Employee_05892,54,157200,3
5893,Employee_05893,55,157337,4
5894,Employee_05894,56,157474,5
5895,Employee_05895,57,157611,6
5896,Employee_05896,58,157748,7
5897,Employee_05897,59,157885,8
5898,Employee_05898,60,158022,9
5899,Employee_05899,61,158159,10
5900,Employee_05900,62,158296,1
5901,Employee_05901,63,158433,2
5902,Employee_05902,64,158570,3
5903,Employee_05903,65,158707,4
5904,Employee_05904,18,158844,5
5905,Employee_05905,19,158981,6
5906,Employee_05906,20,159118,7
5907,Employee_05907,21,159255,8
5908,Employee_05908,22,159392,9
5909,Employee_05909,23,159529,10
5910,Employee_05910,24,159666,1
5911,Employee_05911,25,159803,2
5912,Employee_05912,26,159940,3
5913,Employee_05913,27,160077,4
5914,Employee_05914,28,160214,5
5915,Employee_05915,29,160351,6
5916,Employee_05916,30,160488,7
5917,Employee_05917,31,160625,8
5918,Employee_05918,32,160762,9
5919,Employee_05919,33,160899,10
5920,Employee_05920,34,161036,1
5921,Employee_05921,35,161173,2
5922,Employee_05922,36,161310,3
5923,Employee_05923,37,161447,4
5924,Employee_05924,38,161584,5
5925,Employee_05925,39,161721,6
5926,Employee_05926,40,161858,7
5927,Employee_05927,41,161995,8
5928,Employee_05928,42,162132,9
5929,Employee_05929,43,162269,10
5930,Employee_05930,44,162406,1
5931,Employee_05931,45,162543,2
5932,Employee_05932,46,162680,3
5933,Employee_05933,47,162817,4
5934,Employee_05934,48,162954,5
5935,Employee_05935,49,163091,6
5936,Employee_05936,50,163228,7
5937,Employee_05937,51,163365,8
5938,Employee_05938,52,163502,9
5939,Employee_05939,53,163639,10
5940,Employee_05940,54,163776,1
5941,Employee_05941,55,163913,2
5942,Employee_05942,56,164050,3
5943,Employee_05943,57,164187,4
5944,Employee_05944,58,164324,5
5945,Employee_05945,59,164461,6
5946,Employee_05946,60,164598,7
5947,Employee_05947,61,164735,8
5948,Employee_05948,62,164872,9
5949,Employee_05949,63,165009,10
5950,Employee_05950,64,165146,1
5951,Employee_05951,65,165283,2
5952,Employee_05952,18,165420,3
5953,Employee_05953,19,165557,4
5954,Employee_05954,20,165694,5
5955,Employee_05955,21,165831,6
5956,Employee_05956,22,165968,7
5957,Employee_05957,23,166105,8
5958,Employee_05958,24,166242,9
5959,Employee_05959,25,166379,10
5960,Employee_05960,26,166516,1
5961,Employee_05961,27,166653,2
5962,Employee_05962,28,166790,3
5963,Employee_05963,29,166927,4
5964,Employee_05964,30,167064,5
5965,Employee_05965,31,167201,6
5966,Employee_05966,32,167338,7
5967,Employee_05967,33,167475,8
5968,Employee_05968,34,167612,9
5969,Employee_05969,35,167749,10
5970,Employee_05970,36,167886,1
5971,Employee_05971,37,168023,2
5972,Employee_05972,38,168160,3
5973,Employee_05973,39,168297,4
5974,Employee_05974,40,168434,5
5975,Employee_05975,41,168571,6
5976,Employee_05976,42,168708,7
5977,Employee_05977,43,168845,8
5978,Employee_05978,44,168982,9
5979,Employee_05979,45,169119,10
5980,Employee_05980,46,169256,1
5981,Employee_05981,47,169393,2
5982,Employee_05982,48,169530,3
5983,Employee_05983,49,169667,4
5984,Employee_05984,50,169804,5
5985,Employee_05985,51,169941,6
5986,Employee_05986,52,170078,7
5987,Employee_05987,53,170215,8
5988,Employee_05988,54,170352,9
5989,Employee_05989,55,170489,10
5990,Employee_05990,56,170626,1
5991,Employee_05991,57,170763,2
5992,Employee_05992,58,170900,3
5993,Employee_05993,59,171037,4
5994,Employee_05994,60,171174,5
5995,Employee_05995,61,171311,6
5996,Employee_05996,62,171448,7
5997,Employee_05997,63,171585,8
5998,Employee_05998,64,171722,9
5999,Employee_05999,65,171859,10
6000,Employee_06000,18,171996,1
6001,Employee_06001,19,172133,2
6002,Employee_06002,20,172270,3
6003,Employee_06003,21,172407,4
6004,Employee_06004,22,172544,5
6005,Employee_06005,23,172681,6
6006,Employee_06006,24,172818,7
6007,Employee_06007,25,172955,8
6008,Employee_06008,26,173092,9
6009,Employee_06009,27,173229,10
6010,Employee_06010,28,173366,1
6011,Employee_06011,29,173503,2
6012,Employee_06012,30,173640,3
6013,Employee_06013,31,173777,4
6014,Employee_06014,32,173914,5
6015,Employee_06015,33,174051,6
6016,Employee_06016,34,174188,7
6017,Employee_06017,35,174325,8
6018,Employee_06018,36,174462,9
6019,Employee_06019,37,174599,10
6020,Employee_06020,38,174736,1
6021,Employee_06021,39,174873,2
6022,Employee_06022,40,175010,3
6023,Employee_06023,41,175147,4
6024,Employee_06024,42,175284,5
6025,Employee_06025,43,175421,6
6026,Employee_06026,44,175558,7
6027,Employee_06027,45,175695,8
6028,Employee_06028,46,175832,9
6029,Employee_06029,47,175969,10
6030,Employee_06030,48,176106,1
6031,Employee_06031,49,176243,2
6032,Employee_06032,50,176380,3
6033,Employee_06033,51,176517,4
6034,Employee_06034,52,176654,5
6035,Employee_06035,53,176791,6
6036,Employee_06036,54,176928,7
6037,Employee_06037,55,177065,8
6038,Employee_06038,56,177202,9
6039,Employee_06039,57,177339,10
6040,Employee_06040,58,177476,1
6041,Employee_06041,59,177613,2
6042,Employee_06042,60,177750,3
6043,Employee_06043,61,177887,4
6044,Employee_06044,62,178024,5
6045,Employee_06045,63,178161,6
6046,Employee_06046,64,178298,7
6047,Employee_06047,65,178435,8
6048,Employee_06048,18,178572,9
6049,Employee_06049,19,178709,10
6050,Employee_06050,20,178846,1
6051,Employee_06051,21,178983,2
6052,Employee_06052,22,179120,3
6053,Employee_06053,23,179257,4
6054,Employee_06054,24,179394,5
6055,Employee_06055,25,179531,6
6056,Employee_06056,26,179668,7
6057,Employee_06057,27,179805,8
6058,Employee_06058,28,179942,9
6059,Employee_06059,29,180079,10
6060,Employee_06060,30,180216,1
6061,Employee_06061,31,180353,2
6062,Employee_06062,32,180490,3
6063,Employee_06063,33,180627,4
6064,Employee_06064,34,180764,5
6065,Employee_06065,35,180901,6
6066,Employee_06066,36,181038,7
6067,Employee_06067,37,181175,8
6068,Employee_06068,38,181312,9
6069,Employee_06069,39,181449,10
6070,Employee_06070,40,181586,1
6071,Employee_06071,41,181723,2
6072,Employee_06072,42,181860,3
6073,Employee_06073,43,181997,4
6074,Employee_06074,44,182134,5
6075,Employee_06075,45,182271,6
6076,Employee_06076,46,182408,7
6077,Employee_06077,47,182545,8
6078,Employee_06078,48,182682,9
6079,Employee_06079,49,182819,10
6080,Employee_06080,50,182956,1
6081,Employee_06081,51,183093,2
6082,Employee_06082,52,183230,3
6083,Employee_06083,53,183367,4
6084,Employee_06084,54,183504,5
6085,Employee_06085,55,183641,6
6086,Employee_06086,56,183778,7
6087,Employee_06087,57,183915,8
6088,Employee_06088,58,184052,9
6089,Employee_06089,59,184189,10
6090,Employee_06090,60,184326,1
6091,Employee_06091,61,184463,2
6092,Employee_06092,62,184600,3
6093,Employee_06093,63,184737,4
6094,Employee_06094,64,184874,5
6095,Employee_06095,65,185011,6
6096,Employee_06096,18,185148,7
6097,Employee_06097,19,185285,8
6098,Employee_06098,20,185422,9
6099,Employee_06099,21,185559,10
6100,Employee_06100,22,185696,1
6101,Employee_06101,23,185833,2
6102,Employee_06102,24,185970,3
6103,Employee_06103,25,186107,4
6104,Employee_06104,26,186244,5
6105,Employee_06105,27,186381,6
6106,Employee_06106,28,186518,7
6107,Employee_06107,29,186655,8
6108,Employee_06108,30,186792,9
6109,Employee_06109,31,186929,10
6110,Employee_06110,32,187066,1
6111,Employee_06111,33,187203,2
6112,Employee_06112,34,187340,3
6113,Employee_06113,35,187477,4
6114,Employee_06114,36,187614,5
6115,Employee_06115,37,187751,6
6116,Employee_06116,38,187888,7
6117,Employee_06117,39,188025,8
6118,Employee_06118,40,188162,9
6119,Employee_06119,41,188299,10
6120,Employee_06120,42,188436,1
6121,Employee_06121,43,188573,2
6122,Employee_06122,44,188710,3
6123,Employee_06123,45,188847,4
6124,Employee_06124,46,188984,5
6125,Employee_06125,47,189121,6
6126,Employee_06126,48,189258,7
6127,Employee_06127,49,189395,8
6128,Employee_06128,50,189532,9
6129,Employee_06129,51,189669,10
6130,Employee_06130,52,189806,1
6131,Employee_06131,53,189943,2
6132,Employee_06132,54,190080,3
6133,Employee_06133,55,190217,4
6134,Employee_06134,56,190354,5
6135,Employee_06135,57,190491,6
6136,Employee_06136,58,190628,7
6137,Employee_06137,59,190765,8
6138,Employee_06138,60,190902,9
6139,Employee_06139,61,191039,10
6140,Employee_06140,62,191176,1
6141,Employee_06141,63,191313,2
6142,Employee_06142,64,191450,3
6143,Employee_06143,65,191587,4
6144,Employee_06144,18,191724,5
6145,Employee_06145,19,191861,6
6146,Employee_06146,20,191998,7
6147,Employee_06147,21,192135,8
6148,Employee_06148,22,192272,9
6149,Employee_06149,23,192409,10
6150,Employee_06150,24,192546,1
6151,Employee_06151,25,192683,2
6152,Employee_06152,26,192820,3
6153,Employee_06153,27,192957,4
6154,Employee_06154,28,193094,5
6155,Employee_06155,29,193231,6
6156,Employee_06156,30,193368,7
6157,Employee_06157,31,193505,8
6158,Employee_06158,32,193642,9
6159,Employee_06159,33,193779,10
6160,Employee_06160,34,193916,1
6161,Employee_06161,35,194053,2
6162,Employee_06162,36,194190,3
6163,Employee_06163,37,194327,4
6164,Employee_06164,38,194464,5
6165,Employee_06165,39,194601,6
6166,Employee_06166,40,194738,7
6167,Employee_06167,41,194875,8
6168,Employee_06168,42,195012,9
6169,Employee_06169,43,195149,10
6170,Employee_06170,44,195286,1
6171,Employee_06171,45,195423,2
6172,Employee_06172,46,195560,3
6173,Employee_06173,47,195697,4
6174,Employee_06174,48,195834,5
6175,Employee_06175,49,195971,6
6176,Employee_06176,50,196108,7
6177,Employee_06177,51,196245,8
6178,Employee_06178,52,196382,9
6179,Employee_06179,53,196519,10
6180,Employee_06180,54,196656,1
6181,Employee_06181,55,196793,2
6182,Employee_06182,56,196930,3
6183,Employee_06183,57,197067,4
6184,Employee_06184,58,197204,5
6185,Employee_06185,59,197341,6
6186,Employee_06186,60,197478,7
6187,Employee_06187,61,197615,8
6188,Employee_06188,62,197752,9
6189,Employee_06189,63,197889,10
6190,Employee_06190,64,198026,1
6191,Employee_06191,65,198163,2
6192,Employee_06192,18,198300,3
6193,Employee_06193,19,198437,4
6194,Employee_06194,20,198574,5
6195,Employee_06195,21,198711,6
6196,Employee_06196,22,198848,7
6197,Employee_06197,23,198985,8
6198,Employee_06198,24,199122,9
6199,Employee_06199,25,199259,10
6200,Employee_06200,26,199396,1
6201,Employee_06201,27,199533,2
6202,Employee_06202,28,199670,3
6203,Employee_06203,29,199807,4
6204,Employee_06204,30,199944,5
6205,Employee_06205,31,30080,6
6206,Employee_06206,32,30217,7
6207,Employee_06207,33,30354,8
6208,Employee_06208,34,30491,9
6209,Employee_06209,35,30628,10
6210,Employee_06210,36,30765,1
6211,Employee_06211,37,30902,2
6212,Employee_06212,38,31039,3
6213,Employee_06213,39,31176,4
6214,Employee_06214,40,31313,5
6215,Employee_06215,41,31450,6
6216,Employee_06216,42,31587,7
6217,Employee_06217,43,31724,8
6218,Employee_06218,44,31861,9
6219,Employee_06219,45,31998,10
6220,Employee_06220,46,32135,1
6221,Employee_06221,47,32272,2
6222,Employee_06222,48,32409,3
6223,Employee_06223,49,32546,4
6224,Employee_06224,50,32683,5
6225,Employee_06225,51,32820,6
6226,Employee_06226,52,32957,7
6227,Employee_06227,53,33094,8
6228,Employee_06228,54,33231,9
6229,Employee_06229,55,33368,10
6230,Employee_06230,56,33505,1
6231,Employee_06231,57,33642,2
6232,Employee_06232,58,33779,3
6233,Employee_06233,59,33916,4
6234,Employee_06234,60,34053,5
6235,Employee_06235,61,34190,6
6236,Employee_06236,62,34327,7
6237,Employee_06237,63,34464,8
6238,Employee_06238,64,34601,9
6239,Employee_06239,65,34738,10
6240,Employee_06240,18,34875,1
6241,Employee_06241,19,35012,2
6242,Employee_06242,20,35149,3
6243,Employee_06243,21,35286,4
6244,Employee_06244,22,35423,5
6245,Employee_06245,23,35560,6
6246,Employee_06246,24,35697,7
6247,Employee_06247,25,35834,8
6248,Employee_06248,26,35971,9
6249,Employee_06249,27,36108,10
6250,Employee_06250,28,36245,1
6251,Employee_06251,29,36382,2
6252,Employee_06252,30,36519,3
6253,Employee_06253,31,36656,4
6254,Employee_06254,32,36793,5
6255,Employee_06255,33,36930,6
6256,Employee_06256,34,37067,7
6257,Employee_06257,35,37204,8
6258,Employee_06258,36,37341,9
6259,Employee_06259,37,37478,10
6260,Employee_06260,38,37615,1
6261,Employee_06261,39,37752,2
6262,Employee_06262,40,37889,3
6263,Employee_06263,41,38026,4
6264,Employee_06264,42,38163,5
6265,Employee_06265,43,38300,6
6266,Employee_06266,44,38437,7
6267,Employee_06267,45,38574,8
6268,Employee_06268,46,38711,9
6269,Employee_06269,47,38848,10
6270,Employee_06270,48,38985,1
6271,Employee_06271,49,39122,2
6272,Employee_06272,50,39259,3
6273,Employee_06273,51,39396,4
6274,Employee_06274,52,39533,5
6275,Employee_06275,53,39670,6
6276,Employee_06276,54,39807,7
6277,Employee_06277,55,39944,8
6278,Employee_06278,56,40081,9
6279,Employee_06279,57,40218,10
6280,Employee_06280,58,40355,1
6281,Employee_06281,59,40492,2
6282,Employee_06282,60,40629,3
6283,Employee_06283,61,40766,4
6284,Employee_06284,62,40903,5
6285,Employee_06285,63,41040,6
6286,Employee_06286,64,41177,7
6287,Employee_06287,65,41314,8
6288,Employee_06288,18,41451,9
6289,Employee_06289,19,41588,10
6290,Employee_06290,20,41725,1
6291,Employee_06291,21,41862,2
6292,Employee_06292,22,41999,3
6293,Employee_06293,23,42136,4
6294,Employee_06294,24,42273,5
6295,Employee_06295,25,42410,6
6296,Employee_06296,26,42547,7
6297,Employee_06297,27,42684,8
6298,Employee_06298,28,42821,9
6299,Employee_06299,29,42958,10
6300,Employee_06300,30,43095,1
6301,Employee_06301,31,43232,2
6302,Employee_06302,32,43369,3
6303,Employee_06303,33,43506,4
6304,Employee_06304,34,43643,5
6305,Employee_06305,35,43780,6
6306,Employee_06306,36,43917,7
6307,Employee_06307,37,44054,8
6308,Employee_06308,38,44191,9
6309,Employee_06309,39,44328,10
6310,Employee_06310,40,44465,1
6311,Employee_06311,41,44602,2
6312,Employee_06312,42,44739,3
6313,Employee_06313,43,44876,4
6314,Employee_06314,44,45013,5
6315,Employee_06315,45,45150,6
6316,Employee_06316,46,45287,7
6317,Employee_06317,47,45424,8
6318,Employee_06318,48,45561,9
6319,Employee_06319,49,45698,10
6320,Employee_06320,50,45835,1
6321,Employee_06321,51,45972,2
6322,Employee_06322,52,46109,3
6323,Employee_06323,53,46246,4
6324,Employee_06324,54,46383,5
6325,Employee_06325,55,46520,6
6326,Employee_06326,56,46657,7
6327,Employee_06327,57,46794,8
6328,Employee_06328,58,46931,9
6329,Employee_06329,59,47068,10
6330,Employee_06330,60,47205,1
6331,Employee_06331,61,47342,2
6332,Employee_06332,62,47479,3
6333,Employee_06333,63,47616,4
6334,Employee_06334,64,47753,5
6335,Employee_06335,65,47890,6
6336,Employee_06336,18,48027,7
6337,Employee_06337,19,48164,8
6338,Employee_06338,20,48301,9
6339,Employee_06339,21,48438,10
6340,Employee_06340,22,48575,1
6341,Employee_06341,23,48712,2
6342,Employee_06342,24,48849,3
6343,Employee_06343,25,48986,4
6344,Employee_06344,26,49123,5
6345,Employee_06345,27,49260,6
6346,Employee_06346,28,49397,7
6347,Employee_06347,29,49534,8
6348,Employee_06348,30,49671,9
6349,Employee_06349,31,49808,10
6350,Employee_06350,32,49945,1
6351,Employee_06351,33,50082,2
6352,Employee_06352,34,50219,3
6353,Employee_06353,35,50356,4
6354,Employee_06354,36,50493,5
6355,Employee_06355,37,50630,6
6356,Employee_06356,38,50767,7
6357,Employee_06357,39,50904,8
6358,Employee_06358,40,51041,9
6359,Employee_06359,41,51178,10
6360,Employee_06360,42,51315,1
6361,Employee_06361,43,51452,2
6362,Employee_06362,44,51589,3
6363,Employee_06363,45,51726,4
6364,Employee_06364,46,51863,5
6365,Employee_06365,47,52000,6
6366,Employee_06366,48,52137,7
6367,Employee_06367,49,52274,8
6368,Employee_06368,50,52411,9
6369,Employee_06369,51,52548,10
6370,Employee_06370,52,52685,1
6371,Employee_06371,53,52822,2
6372,Employee_06372,54,52959,3
6373,Employee_06373,55,53096,4
6374,Employee_06374,56,53233,5
6375,Employee_06375,57,53370,6
6376,Employee_06376,58,53507,7
6377,Employee_06377,59,53644,8
6378,Employee_06378,60,53781,9
6379,Employee_06379,61,53918,10
6380,Employee_06380,62,54055,1
6381,Employee_06381,63,54192,2
6382,Employee_06382,64,54329,3
6383,Employee_06383,65,54466,4
6384,Employee_06384,18,54603,5
6385,Employee_06385,19,54740,6
6386,Employee_06386,20,54877,7
6387,Employee_06387,21,55014,8
6388,Employee_06388,22,55151,9
6389,Employee_06389,23,55288,10
6390,Employee_06390,24,55425,1
6391,Employee_06391,25,55562,2
6392,Employee_06392,26,55699,3
6393,Employee_06393,27,55836,4
6394,Employee_06394,28,55973,5
6395,Employee_06395,29,56110,6
6396,Employee_06396,30,56247,7
6397,Employee_06397,31,56384,8
6398,Employee_06398,32,56521,9
6399,Employee_06399,33,56658,10
6400,Employee_06400,34,56795,1
6401,Employee_06401,35,56932,2
6402,Employee_06402,36,57069,3
6403,Employee_06403,37,57206,4
6404,Employee_06404,38,57343,5
6405,Employee_06405,39,57480,6
6406,Employee_06406,40,57617,7
6407,Employee_06407,41,57754,8
6408,Employee_06408,42,57891,9
6409,Employee_06409,43,58028,10
6410,Employee_06410,44,58165,1
6411,Employee_06411,45,58302,2
6412,Employee_06412,46,58439,3
6413,Employee_06413,47,58576,4
6414,Employee_06414,48,58713,5
6415,Employee_06415,49,58850,6
6416,Employee_06416,50,58987,7
6417,Employee_06417,51,59124,8
6418,Employee_06418,52,59261,9
6419,Employee_06419,53,59398,10
6420,Employee_06420,54,59535,1
6421,Employee_06421,55,59672,2
6422,Employee_06422,56,59809,3
6423,Employee_06423,57,59946,4
6424,Employee_06424,58,60083,5
6425,Employee_06425,59,60220,6
6426,Employee_06426,60,60357,7
6427,Employee_06427,61,60494,8
6428,Employee_06428,62,60631,9
6429,Employee_06429,63,60768,10
6430,Employee_06430,64,60905,1
6431,Employee_06431,65,61042,2
6432,Employee_06432,18,61179,3
6433,Employee_06433,19,61316,4
6434,Employee_06434,20,61453,5
6435,Employee_06435,21,61590,6
6436,Employee_06436,22,61727,7
6437,Employee_06437,23,61864,8
6438,Employee_06438,24,62001,9
6439,Employee_06439,25,62138,10
6440,Employee_06440,26,62275,1
6441,Employee_06441,27,62412,2
6442,Employee_06442,28,62549,3
6443,Employee_06443,29,62686,4
6444,Employee_06444,30,62823,5
6445,Employee_06445,31,62960,6
6446,Employee_06446,32,63097,7
6447,Employee_06447,33,63234,8
6448,Employee_06448,34,63371,9
6449,Employee_06449,35,63508,10
6450,Employee_06450,36,63645,1
6451,Employee_06451,37,63782,2
6452,Employee_06452,38,63919,3
6453,Employee_06453,39,64056,4
6454,Employee_06454,40,64193,5
6455,Employee_06455,41,64330,6
6456,Employee_06456,42,64467,7
6457,Employee_06457,43,64604,8
6458,Employee_06458,44,64741,9
6459,Employee_06459,45,64878,10
6460,Employee_06460,46,65015,1
6461,Employee_06461,47,65152,2
6462,Employee_06462,48,65289,3
6463,Employee_06463,49,65426,4
6464,Employee_06464,50,65563,5
6465,Employee_06465,51,65700,6
6466,Employee_06466,52,65837,7
6467,Employee_06467,53,65974,8
6468,Employee_06468,54,66111,9
6469,Employee_06469,55,66248,10
6470,Employee_06470,56,66385,1
6471,Employee_06471,57,66522,2
6472,Employee_06472,58,66659,3
6473,Employee_06473,59,66796,4
6474,Employee_06474,60,66933,5
6475,Employee_06475,61,67070,6
6476,Employee_06476,62,67207,7
6477,Employee_06477,63,67344,8
6478,Employee_06478,64,67481,9
6479,Employee_06479,65,67618,10
6480,Employee_06480,18,67755,1
6481,Employee_06481,19,67892,2
6482,Employee_06482,20,68029,3
6483,Employee_06483,21,68166,4
6484,Employee_06484,22,68303,5
6485,Employee_06485,23,68440,6
6486,Employee_06486,24,68577,7
6487,Employee_06487,25,68714,8
6488,Employee_06488,26,68851,9
6489,Employee_06489,27,68988,10
6490,Employee_06490,28,69125,1
6491,Employee_06491,29,69262,2
6492,Employee_06492,30,69399,3
6493,Employee_06493,31,69536,4
6494,Employee_06494,32,69673,5
6495,Employee_06495,33,69810,6
6496,Employee_06496,34,69947,7
6497,Employee_06497,35,70084,8
6498,Employee_06498,36,70221,9
6499,Employee_06499,37,70358,10
6500,Employee_06500,38,70495,1
6501,Employee_06501,39,70632,2
6502,Employee_06502,40,70769,3
6503,Employee_06503,41,70906,4
6504,Employee_06504,42,71043,5
6505,Employee_06505,43,71180,6
6506,Employee_06506,44,71317,7
6507,Employee_06507,45,71454,8
6508,Employee_06508,46,71591,9
6509,Employee_06509,47,71728,10
6510,Employee_06510,48,71865,1
6511,Employee_06511,49,72002,2
6512,Employee_06512,50,72139,3
6513,Employee_06513,51,72276,4
6514,Employee_06514,52,72413,5
6515,Employee_06515,53,72550,6
6516,Employee_06516,54,72687,7
6517,Employee_06517,55,72824,8
6518,Employee_06518,56,72961,9
6519,Employee_06519,57,73098,10
6520,Employee_06520,58,73235,1
6521,Employee_06521,59,73372,2
6522,Employee_06522,60,73509,3
6523,Employee_06523,61,73646,4
6524,Employee_06524,62,73783,5
6525,Employee_06525,63,73920,6
6526,Employee_06526,64,74057,7
6527,Employee_06527,65,74194,8
6528,Employee_06528,18,74331,9
6529,Employee_06529,19,74468,10
6530,Employee_06530,20,74605,1
6531,Employee_06531,21,74742,2
6532,Employee_06532,22,74879,3
6533,Employee_06533,23,75016,4
6534,Employee_06534,24,75153,5
6535,Employee_06535,25,75290,6
6536,Employee_06536,26,75427,7
6537,Employee_06537,27,75564,8
6538,Employee_06538,28,75701,9
6539,Employee_06539,29,75838,10
6540,Employee_06540,30,75975,1
6541,Employee_06541,31,76112,2
6542,Employee_06542,32,76249,3
6543,Employee_06543,33,76386,4
6544,Employee_06544,34,76523,5
6545,Employee_06545,35,76660,6
6546,Employee_06546,36,76797,7
6547,Employee_06547,37,76934,8
6548,Employee_06548,38,77071,9
6549,Employee_06549,39,77208,10
6550,Employee_06550,40,77345,1
6551,Employee_06551,41,77482,2
6552,Employee_06552,42,77619,3
6553,Employee_06553,43,77756,4
6554,Employee_06554,44,77893,5
6555,Employee_06555,45,78030,6
6556,Employee_06556,46,78167,7
6557,Employee_06557,47,78304,8
6558,Employee_06558,48,78441,9
6559,Employee_06559,49,78578,10
6560,Employee_06560,50,78715,1
6561,Employee_06561,51,78852,2
6562,Employee_06562,52,78989,3
6563,Employee_06563,53,79126,4
6564,Employee_06564,54,79263,5
6565,Employee_06565,55,79400,6
6566,Employee_06566,56,79537,7
6567,Employee_06567,57,79674,8
6568,Employee_06568,58,79811,9
6569,Employee_06569,59,79948,10
6570,Employee_06570,60,80085,1
6571,Employee_06571,61,80222,2
6572,Employee_06572,62,80359,3
6573,Employee_06573,63,80496,4
6574,Employee_06574,64,80633,5
6575,Employee_06575,65,80770,6
6576,Employee_06576,18,80907,7
6577,Employee_06577,19,81044,8
6578,Employee_06578,20,81181,9
6579,Employee_06579,21,81318,10
6580,Employee_06580,22,81455,1
6581,Employee_06581,23,81592,2
6582,Employee_06582,24,81729,3
6583,Employee_06583,25,81866,4
6584,Employee_06584,26,82003,5
6585,Employee_06585,27,82140,6
6586,Employee_06586,28,82277,7
6587,Employee_06587,29,82414,8
6588,Employee_06588,30,82551,9
6589,Employee_06589,31,82688,10
6590,Employee_06590,32,82825,1
6591,Employee_06591,33,82962,2
6592,Employee_06592,34,83099,3
6593,Employee_06593,35,83236,4
6594,Employee_06594,36,83373,5
6595,Employee_06595,37,83510,6
6596,Employee_06596,38,83647,7
6597,Employee_06597,39,83784,8
6598,Employee_06598,40,83921,9
6599,Employee_06599,41,84058,10
6600,Employee_06600,42,84195,1
6601,Employee_06601,43,84332,2
6602,Employee_06602,44,84469,3
6603,Employee_06603,45,84606,4
6604,Employee_06604,46,84743,5
6605,Employee_06605,47,84880,6
6606,Employee_06606,48,85017,7
6607,Employee_06607,49,85154,8
6608,Employee_06608,50,85291,9
6609,Employee_06609,51,85428,10
6610,Employee_06610,52,85565,1
6611,Employee_06611,53,85702,2
6612,Employee_06612,54,85839,3
6613,Employee_06613,55,85976,4
6614,Employee_06614,56,86113,5
6615,Employee_06615,57,86250,6
6616,Employee_06616,58,86387,7
6617,Employee_06617,59,86524,8
6618,Employee_06618,60,86661,9
6619,Employee_06619,61,86798,10
6620,Employee_06620,62,86935,1
6621,Employee_06621,63,87072,2
6622,Employee_06622,64,87209,3
6623,Employee_06623,65,87346,4
6624,Employee_06624,18,87483,5
6625,Employee_06625,19,87620,6
6626,Employee_06626,20,87757,7
6627,Employee_06627,21,87894,8
6628,Employee_06628,22,88031,9
6629,Employee_06629,23,88168,10
6630,Employee_06630,24,88305,1
6631,Employee_06631,25,88442,2
6632,Employee_06632,26,88579,3
6633,Employee_06633,27,88716,4
6634,Employee_06634,28,88853,5
6635,Employee_06635,29,88990,6
6636,Employee_06636,30,89127,7
6637,Employee_06637,31,89264,8
6638,Employee_06638,32,89401,9
6639,Employee_06639,33,89538,10
6640,Employee_06640,34,89675,1
6641,Employee_06641,35,89812,2
6642,Employee_06642,36,89949,3
6643,Employee_06643,37,90086,4
6644,Employee_06644,38,90223,5
6645,Employee_06645,39,90360,6
6646,Employee_06646,40,90497,7
6647,Employee_06647,41,90634,8
6648,Employee_06648,42,90771,9
6649,Employee_06649,43,90908,10
6650,Employee_06650,44,91045,1
6651,Employee_06651,45,91182,2
6652,Employee_06652,46,91319,3
6653,Employee_06653,47,91456,4
6654,Employee_06654,48,91593,5
6655,Employee_06655,49,91730,6
6656,Employee_06656,50,91867,7
6657,Employee_06657,51,92004,8
6658,Employee_06658,52,92141,9
6659,Employee_06659,53,92278,10
6660,Employee_06660,54,92415,1
6661,Employee_06661,55,92552,2
6662,Employee_06662,56,92689,3
6663,Employee_06663,57,92826,4
6664,Employee_06664,58,92963,5
6665,Employee_06665,59,93100,6
6666,Employee_06666,60,93237,7
6667,Employee_06667,61,93374,8
6668,Employee_06668,62,93511,9
6669,Employee_06669,63,93648,10
6670,Employee_06670,64,93785,1
6671,Employee_06671,65,93922,2
6672,Employee_06672,18,94059,3
6673,Employee_06673,19,94196,4
6674,Employee_06674,20,94333,5
6675,Employee_06675,21,94470,6
6676,Employee_06676,22,94607,7
6677,Employee_06677,23,94744,8
6678,Employee_06678,24,94881,9
6679,Employee_06679,25,95018,10
6680,Employee_06680,26,95155,1
6681,Employee_06681,27,95292,2
6682,Employee_06682,28,95429,3
6683,Employee_06683,29,95566,4
6684,Employee_06684,30,95703,5
6685,Employee_06685,31,95840,6
6686,Employee_06686,32,95977,7
6687,Employee_06687,33,96114,8
6688,Employee_06688,34,96251,9
6689,Employee_06689,35,96388,10
6690,Employee_06690,36,96525,1
6691,Employee_06691,37,96662,2
6692,Employee_06692,38,96799,3
6693,Employee_06693,39,96936,4
6694,Employee_06694,40,97073,5
6695,Employee_06695,41,97210,6
6696,Employee_06696,42,97347,7
6697,Employee_06697,43,97484,8
6698,Employee_06698,44,97621,9
6699,Employee_06699,45,97758,10
6700,Employee_06700,46,97895,1
6701,Employee_06701,47,98032,2
6702,Employee_06702,48,98169,3
6703,Employee_06703,49,98306,4
6704,Employee_06704,50,98443,5
6705,Employee_06705,51,98580,6
6706,Employee_06706,52,98717,7
6707,Employee_06707,53,98854,8
6708,Employee_06708,54,98991,9
6709,Employee_06709,55,99128,10
6710,Employee_06710,56,99265,1
6711,Employee_06711,57,99402,2
6712,Employee_06712,58,99539,3
6713,Employee_06713,59,99676,4
6714,Employee_06714,60,99813,5
6715,Employee_06715,61,99950,6
6716,Employee_06716,62,100087,7
6717,Employee_06717,63,100224,8
6718,Employee_06718,64,100361,9
6719,Employee_06719,65,100498,10
6720,Employee_06720,18,100635,1
6721,Employee_06721,19,100772,2
6722,Employee_06722,20,100909,3
6723,Employee_06723,21,101046,4
6724,Employee_06724,22,101183,5
6725,Employee_06725,23,101320,6
6726,Employee_06726,24,101457,7
6727,Employee_06727,25,101594,8
6728,Employee_06728,26,101731,9
6729,Employee_06729,27,101868,10
6730,Employee_06730,28,102005,1
6731,Employee_06731,29,102142,2
6732,Employee_06732,30,102279,3
6733,Employee_06733,31,102416,4
6734,Employee_06734,32,102553,5
6735,Employee_06735,33,102690,6
6736,Employee_06736,34,102827,7
6737,Employee_06737,35,102964,8
6738,Employee_06738,36,103101,9
6739,Employee_06739,37,103238,10
6740,Employee_06740,38,103375,1
6741,Employee_06741,39,103512,2
6742,Employee_06742,40,103649,3
6743,Employee_06743,41,103786,4
6744,Employee_06744,42,103923,5
6745,Employee_06745,43,104060,6
6746,Employee_06746,44,104197,7
6747,Employee_06747,45,104334,8
6748,Employee_06748,46,104471,9
6749,Employee_06749,47,104608,10
6750,Employee_06750,48,104745,1
6751,Employee_06751,49,104882,2
6752,Employee_06752,50,105019,3
6753,Employee_06753,51,105156,4
6754,Employee_06754,52,105293,5
6755,Employee_06755,53,105430,6
6756,Employee_06756,54,105567,7
6757,Employee_06757,55,105704,8
6758,Employee_06758,56,105841,9
6759,Employee_06759,57,105978,10
6760,Employee_06760,58,106115,1
6761,Employee_06761,59,106252,2
6762,Employee_06762,60,106389,3
6763,Employee_06763,61,106526,4
6764,Employee_06764,62,106663,5
6765,Employee_06765,63,106800,6
6766,Employee_06766,64,106937,7
6767,Employee_06767,65,107074,8
6768,Employee_06768,18,107211,9
6769,Employee_06769,19,107348,10
6770,Employee_06770,20,107485,1
6771,Employee_06771,21,107622,2
6772,Employee_06772,22,107759,3
6773,Employee_06773,23,107896,4
6774,Employee_06774,24,108033,5
6775,Employee_06775,25,108170,6
6776,Employee_06776,26,108307,7
6777,Employee_06777,27,108444,8
6778,Employee_06778,28,108581,9
6779,Employee_06779,29,108718,10
6780,Employee_06780,30,108855,1
6781,Employee_06781,31,108992,2
6782,Employee_06782,32,109129,3
6783,Employee_06783,33,109266,4
6784,Employee_06784,34,109403,5
6785,Employee_06785,35,109540,6
6786,Employee_06786,36,109677,7
6787,Employee_06787,37,109814,8
6788,Employee_06788,38,109951,9
6789,Employee_06789,39,110088,10
6790,Employee_06790,40,110225,1
6791,Employee_06791,41,110362,2
6792,Employee_06792,42,110499,3
6793,Employee_06793,43,110636,4
6794,Employee_06794,44,110773,5
6795,Employee_06795,45,110910,6
6796,Employee_06796,46,111047,7
6797,Employee_06797,47,111184,8
6798,Employee_06798,48,111321,9
6799,Employee_06799,49,111458,10
6800,Employee_06800,50,111595,1
6801,Employee_06801,51,111732,2
6802,Employee_06802,52,111869,3
6803,Employee_06803,53,112006,4
6804,Employee_06804,54,112143,5
6805,Employee_06805,55,112280,6
6806,Employee_06806,56,112417,7
6807,Employee_06807,57,112554,8
6808,Employee_06808,58,112691,9
6809,Employee_06809,59,112828,10
6810,Employee_06810,60,112965,1
6811,Employee_06811,61,113102,2
6812,Employee_06812,62,113239,3
6813,Employee_06813,63,113376,4
6814,Employee_06814,64,113513,5
6815,Employee_06815,65,113650,6
6816,Employee_06816,18,113787,7
6817,Employee_06817,19,113924,8
6818,Employee_06818,20,114061,9
6819,Employee_06819,21,114198,10
6820,Employee_06820,22,114335,1
6821,Employee_06821,23,114472,2
6822,Employee_06822,24,114609,3
6823,Employee_06823,25,114746,4
6824,Employee_06824,26,114883,5
6825,Employee_06825,27,115020,6
6826,Employee_06826,28,115157,7
6827,Employee_06827,29,115294,8
6828,Employee_06828,30,115431,9
6829,Employee_06829,31,115568,10
6830,Employee_06830,32,115705,1
6831,Employee_06831,33,115842,2
6832,Employee_06832,34,115979,3
6833,Employee_06833,35,116116,4
6834,Employee_06834,36,116253,5
6835,Employee_06835,37,116390,6
6836,Employee_06836,38,116527,7
6837,Employee_06837,39,116664,8
6838,Employee_06838,40,116801,9
6839,Employee_06839,41,116938,10
6840,Employee_06840,42,117075,1
6841,Employee_06841,43,117212,2
6842,Employee_06842,44,117349,3
6843,Employee_06843,45,117486,4
6844,Employee_06844,46,117623,5
6845,Employee_06845,47,117760,6
6846,Employee_06846,48,117897,7
6847,Employee_06847,49,118034,8
6848,Employee_06848,50,118171,9
6849,Employee_06849,51,118308,10
6850,Employee_06850,52,118445,1
6851,Employee_06851,53,118582,2
6852,Employee_06852,54,118719,3
6853,Employee_06853,55,118856,4
6854,Employee_06854,56,118993,5
6855,Employee_06855,57,119130,6
6856,Employee_06856,58,119267,7
6857,Employee_06857,59,119404,8
6858,Employee_06858,60,119541,9
6859,Employee_06859,61,119678,10
6860,Employee_06860,62,119815,1
6861,Employee_06861,63,119952,2
6862,Employee_06862,64,120089,3
6863,Employee_06863,65,120226,4
6864,Employee_06864,18,120363,5
6865,Employee_06865,19,120500,6
6866,Employee_06866,20,120637,7
6867,Employee_06867,21,120774,8
6868,Employee_06868,22,120911,9
6869,Employee_06869,23,121048,10
6870,Employee_06870,24,121185,1
6871,Employee_06871,25,121322,2
6872,Employee_06872,26,121459,3
6873,Employee_06873,27,121596,4
6874,Employee_06874,28,121733,5
6875,Employee_06875,29,121870,6
6876,Employee_06876,30,122007,7
6877,Employee_06877,31,122144,8
6878,Employee_06878,32,122281,9
6879,Employee_06879,33,122418,10
6880,Employee_06880,34,122555,1
6881,Employee_06881,35,122692,2
6882,Employee_06882,36,122829,3
6883,Employee_06883,37,122966,4
6884,Employee_06884,38,123103,5
6885,Employee_06885,39,123240,6
6886,Employee_06886,40,123377,7
6887,Employee_06887,41,123514,8
6888,Employee_06888,42,123651,9
6889,Employee_06889,43,123788,10
6890,Employee_06890,44,123925,1
6891,Employee_06891,45,124062,2
6892,Employee_06892,46,124199,3
6893,Employee_06893,47,124336,4
6894,Employee_06894,48,124473,5
6895,Employee_06895,49,124610,6
6896,Employee_06896,50,124747,7
6897,Employee_06897,51,124884,8
6898,Employee_06898,52,125021,9
6899,Employee_06899,53,125158,10
6900,Employee_06900,54,125295,1
6901,Employee_06901,55,125432,2
6902,Employee_06902,56,125569,3
6903,Employee_06903,57,125706,4
6904,Employee_06904,58,125843,5
6905,Employee_06905,59,125980,6
6906,Employee_06906,60,126117,7
6907,Employee_06907,61,126254,8
6908,Employee_06908,62,126391,9
6909,Employee_06909,63,126528,10
6910,Employee_06910,64,126665,1
6911,Employee_06911,65,126802,2
6912,Employee_06912,18,126939,3
6913,Employee_06913,19,127076,4
6914,Employee_06914,20,127213,5
6915,Employee_06915,21,127350,6
6916,Employee_06916,22,127487,7
6917,Employee_06917,23,127624,8
6918,Employee_06918,24,127761,9
6919,Employee_06919,25,127898,10
6920,Employee_06920,26,128035,1
6921,Employee_06921,27,128172,2
6922,Employee_06922,28,128309,3
6923,Employee_06923,29,128446,4
6924,Employee_06924,30,128583,5
6925,Employee_06925,31,128720,6
6926,Employee_06926,32,128857,7
6927,Employee_06927,33,128994,8
6928,Employee_06928,34,129131,9
6929,Employee_06929,35,129268,10
6930,Employee_06930,36,129405,1
6931,Employee_06931,37,129542,2
6932,Employee_06932,38,129679,3
6933,Employee_06933,39,129816,4
6934,Employee_06934,40,129953,5
6935,Employee_06935,41,130090,6
6936,Employee_06936,42,130227,7
6937,Employee_06937,43,130364,8
6938,Employee_06938,44,130501,9
6939,Employee_06939,45,130638,10
6940,Employee_06940,46,130775,1
6941,Employee_06941,47,130912,2
6942,Employee_06942,48,131049,3
6943,Employee_06943,49,131186,4
6944,Employee_06944,50,131323,5
6945,Employee_06945,51,131460,6
6946,Employee_06946,52,131597,7
6947,Employee_06947,53,131734,8
6948,Employee_06948,54,131871,9
6949,Employee_06949,55,132008,10
6950,Employee_06950,56,132145,1
6951,Employee_06951,57,132282,2
6952,Employee_06952,58,132419,3
6953,Employee_06953,59,132556,4
6954,Employee_06954,60,132693,5
6955,Employee_06955,61,132830,6
6956,Employee_06956,62,132967,7
6957,Employee_06957,63,133104,8
6958,Employee_06958,64,133241,9
6959,Employee_06959,65,133378,10
6960,Employee_06960,18,133515,1
6961,Employee_06961,19,133652,2
6962,Employee_06962,20,133789,3
6963,Employee_06963,21,133926,4
6964,Employee_06964,22,134063,5
6965,Employee_06965,23,134200,6
6966,Employee_06966,24,134337,7
6967,Employee_06967,25,134474,8
6968,Employee_06968,26,134611,9
6969,Employee_06969,27,134748,10
6970,Employee_06970,28,134885,1
6971,Employee_06971,29,135022,2
6972,Employee_06972,30,135159,3
6973,Employee_06973,31,135296,4
6974,Employee_06974,32,135433,5
6975,Employee_06975,33,135570,6
6976,Employee_06976,34,135707,7
6977,Employee_06977,35,135844,8
6978,Employee_06978,36,135981,9
6979,Employee_06979,37,136118,10
6980,Employee_06980,38,136255,1
6981,Employee_06981,39,136392,2
6982,Employee_06982,40,136529,3
6983,Employee_06983,41,136666,4
6984,Employee_06984,42,136803,5
6985,Employee_06985,43,136940,6
6986,Employee_06986,44,137077,7
6987,Employee_06987,45,137214,8
6988,Employee_06988,46,137351,9
6989,Employee_06989,47,137488,10
6990,Employee_06990,48,137625,1
6991,Employee_06991,49,137762,2
6992,Employee_06992,50,137899,3
6993,Employee_06993,51,138036,4
6994,Employee_06994,52,138173,5
6995,Employee_06995,53,138310,6
6996,Employee_06996,54,138447,7
6997,Employee_06997,55,138584,8
6998,Employee_06998,56,138721,9
6999,Employee_06999,57,138858,10
7000,Employee_07000,58,138995,1
7001,Employee_07001,59,139132,2
7002,Employee_07002,60,139269,3
7003,Employee_07003,61,139406,4
7004,Employee_07004,62,139543,5
7005,Employee_07005,63,139680,6
7006,Employee_07006,64,139817,7
7007,Employee_07007,65,139954,8
7008,Employee_07008,18,140091,9
7009,Employee_07009,19,140228,10
7010,Employee_07010,20,140365,1
7011,Employee_07011,21,140502,2
7012,Employee_07012,22,140639,3
7013,Employee_07013,23,140776,4
7014,Employee_07014,24,140913,5
7015,Employee_07015,25,141050,6
7016,Employee_07016,26,141187,7
7017,Employee_07017,27,141324,8
7018,Employee_07018,28,141461,9
7019,Employee_07019,29,141598,10
7020,Employee_07020,30,141735,1
7021,Employee_07021,31,141872,2
7022,Employee_07022,32,142009,3
7023,Employee_07023,33,142146,4
7024,Employee_07024,34,142283,5
7025,Employee_07025,35,142420,6
7026,Employee_07026,36,142557,7
7027,Employee_07027,37,142694,8
7028,Employee_07028,38,142831,9
7029,Employee_07029,39,142968,10
7030,Employee_07030,40,143105,1
7031,Employee_07031,41,143242,2
7032,Employee_07032,42,143379,3
7033,Employee_07033,43,143516,4
7034,Employee_07034,44,143653,5
7035,Employee_07035,45,143790,6
7036,Employee_07036,46,143927,7
7037,Employee_07037,47,144064,8
7038,Employee_07038,48,144201,9
7039,Employee_07039,49,144338,10
7040,Employee_07040,50,144475,1
7041,Employee_07041,51,144612,2
7042,Employee_07042,52,144749,3
7043,Employee_07043,53,144886,4
7044,Employee_07044,54,145023,5
7045,Employee_07045,55,145160,6
7046,Employee_07046,56,145297,7
7047,Employee_07047,57,145434,8
7048,Employee_07048,58,145571,9
7049,Employee_07049,59,145708,10
7050,Employee_07050,60,145845,1
7051,Employee_07051,61,145982,2
7052,Employee_07052,62,146119,3
7053,Employee_07053,63,146256,4
7054,Employee_07054,64,146393,5
7055,Employee_07055,65,146530,6
7056,Employee_07056,18,146667,7
7057,Employee_07057,19,146804,8
7058,Employee_07058,20,146941,9
7059,Employee_07059,21,147078,10
7060,Employee_07060,22,147215,1
7061,Employee_07061,23,147352,2
7062,Employee_07062,24,147489,3
7063,Employee_07063,25,147626,4
7064,Employee_07064,26,147763,5
7065,Employee_07065,27,147900,6
7066,Employee_07066,28,148037,7
7067,Employee_07067,29,148174,8
7068,Employee_07068,30,148311,9
7069,Employee_07069,31,148448,10
7070,Employee_07070,32,148585,1
7071,Employee_07071,33,148722,2
7072,Employee_07072,34,148859,3
7073,Employee_07073,35,148996,4
7074,Employee_07074,36,149133,5
7075,Employee_07075,37,149270,6
7076,Employee_07076,38,149407,7
7077,Employee_07077,39,149544,8
7078,Employee_07078,40,149681,9
7079,Employee_07079,41,149818,10
7080,Employee_07080,42,149955,1
7081,Employee_07081,43,150092,2
7082,Employee_07082,44,150229,3
7083,Employee_07083,45,150366,4
7084,Employee_07084,46,150503,5
7085,Employee_07085,47,150640,6
7086,Employee_07086,48,150777,7
7087,Employee_07087,49,150914,8
7088,Employee_07088,50,151051,9
7089,Employee_07089,51,151188,10
7090,Employee_07090,52,151325,1
7091,Employee_07091,53,151462,2
7092,Employee_07092,54,151599,3
7093,Employee_07093,55,151736,4
7094,Employee_07094,56,151873,5
7095,Employee_07095,57,152010,6
7096,Employee_07096,58,152147,7
7097,Employee_07097,59,152284,8
7098,Employee_07098,60,152421,9
7099,Employee_07099,61,152558,10
7100,Employee_07100,62,152695,1
7101,Employee_07101,63,152832,2
7102,Employee_07102,64,152969,3
7103,Employee_07103,65,153106,4
7104,Employee_07104,18,153243,5
7105,Employee_07105,19,153380,6
7106,Employee_07106,20,153517,7
7107,Employee_07107,21,153654,8
7108,Employee_07108,22,153791,9
7109,Employee_07109,23,153928,10
7110,Employee_07110,24,154065,1
7111,Employee_07111,25,154202,2
7112,Employee_07112,26,154339,3
7113,Employee_07113,27,154476,4
7114,Employee_07114,28,154613,5
7115,Employee_07115,29,154750,6
7116,Employee_07116,30,154887,7
7117,Employee_07117,31,155024,8
7118,Employee_07118,32,155161,9
7119,Employee_07119,33,155298,10
7120,Employee_07120,34,155435,1
7121,Employee_07121,35,155572,2
7122,Employee_07122,36,155709,3
7123,Employee_07123,37,155846,4
7124,Employee_07124,38,155983,5
7125,Employee_07125,39,156120,6
7126,Employee_07126,40,156257,7
7127,Employee_07127,41,156394,8
7128,Employee_07128,42,156531,9
7129,Employee_07129,43,156668,10
7130,Employee_07130,44,156805,1
7131,Employee_07131,45,156942,2
7132,Employee_07132,46,157079,3
7133,Employee_07133,47,157216,4
7134,Employee_07134,48,157353,5
7135,Employee_07135,49,157490,6
7136,Employee_07136,50,157627,7
7137,Employee_07137,51,157764,8
7138,Employee_07138,52,157901,9
7139,Employee_07139,53,158038,10
7140,Employee_07140,54,158175,1
7141,Employee_07141,55,158312,2
7142,Employee_07142,56,158449,3
7143,Employee_07143,57,158586,4
7144,Employee_07144,58,158723,5
7145,Employee_07145,59,158860,6
7146,Employee_07146,60,158997,7
7147,Employee_07147,61,159134,8
7148,Employee_07148,62,159271,9
7149,Employee_07149,63,159408,10
7150,Employee_07150,64,159545,1
7151,Employee_07151,65,159682,2
7152,Employee_07152,18,159819,3
7153,Employee_07153,19,159956,4
7154,Employee_07154,20,160093,5
7155,Employee_07155,21,160230,6
7156,Employee_07156,22,160367,7
7157,Employee_07157,23,160504,8
7158,Employee_07158,24,160641,9
7159,Employee_07159,25,160778,10
7160,Employee_07160,26,160915,1
7161,Employee_07161,27,161052,2
7162,Employee_07162,28,161189,3
7163,Employee_07163,29,161326,4
7164,Employee_07164,30,161463,5
7165,Employee_07165,31,161600,6
7166,Employee_07166,32,161737,7
7167,Employee_07167,33,161874,8
7168,Employee_07168,34,162011,9
7169,Employee_07169,35,162148,10
7170,Employee_07170,36,162285,1
7171,Employee_07171,37,162422,2
7172,Employee_07172,38,162559,3
7173,Employee_07173,39,162696,4
7174,Employee_07174,40,162833,5
7175,Employee_07175,41,162970,6
7176,Employee_07176,42,163107,7
7177,Employee_07177,43,163244,8
7178,Employee_07178,44,163381,9
7179,Employee_07179,45,163518,10
7180,Employee_07180,46,163655,1
7181,Employee_07181,47,163792,2
7182,Employee_07182,48,163929,3
7183,Employee_07183,49,164066,4
7184,Employee_07184,50,164203,5
7185,Employee_07185,51,164340,6
7186,Employee_07186,52,164477,7
7187,Employee_07187,53,164614,8
7188,Employee_07188,54,164751,9
7189,Employee_07189,55,164888,10
7190,Employee_07190,56,165025,1
7191,Employee_07191,57,165162,2
7192,Employee_07192,58,165299,3
7193,Employee_07193,59,165436,4
7194,Employee_07194,60,165573,5
7195,Employee_07195,61,165710,6
7196,Employee_07196,62,165847,7
7197,Employee_07197,63,165984,8
7198,Employee_07198,64,166121,9
7199,Employee_07199,65,166258,10
7200,Employee_07200,18,166395,1
7201,Employee_07201,19,166532,2
7202,Employee_07202,20,166669,3
7203,Employee_07203,21,166806,4
7204,Employee_07204,22,166943,5
7205,Employee_07205,23,167080,6
7206,Employee_07206,24,167217,7
7207,Employee_07207,25,167354,8
7208,Employee_07208,26,167491,9
7209,Employee_07209,27,167628,10
7210,Employee_07210,28,167765,1
7211,Employee_07211,29,167902,2
7212,Employee_07212,30,168039,3
7213,Employee_07213,31,168176,4
7214,Employee_07214,32,168313,5
7215,Employee_07215,33,168450,6
7216,Employee_07216,34,168587,7
7217,Employee_07217,35,168724,8
7218,Employee_07218,36,168861,9
7219,Employee_07219,37,168998,10
7220,Employee_07220,38,169135,1
7221,Employee_07221,39,169272,2
7222,Employee_07222,40,169409,3
7223,Employee_07223,41,169546,4
7224,Employee_07224,42,169683,5
7225,Employee_07225,43,169820,6
7226,Employee_07226,44,169957,7
7227,Employee_07227,45,170094,8
7228,Employee_07228,46,170231,9
7229,Employee_07229,47,170368,10
7230,Employee_07230,48,170505,1
7231,Employee_07231,49,170642,2
7232,Employee_07232,50,170779,3
7233,Employee_07233,51,170916,4
7234,Employee_07234,52,171053,5
7235,Employee_07235,53,171190,6
7236,Employee_07236,54,171327,7
7237,Employee_07237,55,171464,8
7238,Employee_07238,56,171601,9
7239,Employee_07239,57,171738,10
7240,Employee_07240,58,171875,1
7241,Employee_07241,59,172012,2
7242,Employee_07242,60,172149,3
7243,Employee_07243,61,172286,4
7244,Employee_07244,62,172423,5
7245,Employee_07245,63,172560,6
7246,Employee_07246,64,172697,7
7247,Employee_07247,65,172834,8
7248,Employee_07248,18,172971,9
7249,Employee_07249,19,173108,10
7250,Employee_07250,20,173245,1
7251,Employee_07251,21,173382,2
7252,Employee_07252,22,173519,3
7253,Employee_07253,23,173656,4
7254,Employee_07254,24,173793,5
7255,Employee_07255,25,173930,6
7256,Employee_07256,26,174067,7
7257,Employee_07257,27,174204,8
7258,Employee_07258,28,174341,9
7259,Employee_07259,29,174478,10
7260,Employee_07260,30,174615,1
7261,Employee_07261,31,174752,2
7262,Employee_07262,32,174889,3
7263,Employee_07263,33,175026,4
7264,Employee_07264,34,175163,5
7265,Employee_07265,35,175300,6
7266,Employee_07266,36,175437,7
7267,Employee_07267,37,175574,8
7268,Employee_07268,38,175711,9
7269,Employee_07269,39,175848,10
7270,Employee_07270,40,175985,1
7271,Employee_07271,41,176122,2
7272,Employee_07272,42,176259,3
7273,Employee_07273,43,176396,4
7274,Employee_07274,44,176533,5
7275,Employee_07275,45,176670,6
7276,Employee_07276,46,176807,7
7277,Employee_07277,47,176944,8
7278,Employee_07278,48,177081,9
7279,Employee_07279,49,177218,10
7280,Employee_07280,50,177355,1
7281,Employee_07281,51,177492,2
7282,Employee_07282,52,177629,3
7283,Employee_07283,53,177766,4
7284,Employee_07284,54,177903,5
7285,Employee_07285,55,178040,6
7286,Employee_07286,56,178177,7
7287,Employee_07287,57,178314,8
7288,Employee_07288,58,178451,9
7289,Employee_07289,59,178588,10
7290,Employee_07290,60,178725,1
7291,Employee_07291,61,178862,2
7292,Employee_07292,62,178999,3
7293,Employee_07293,63,179136,4
7294,Employee_07294,64,179273,5
7295,Employee_07295,65,179410,6
7296,Employee_07296,18,179547,7
7297,Employee_07297,19,179684,8
7298,Employee_07298,20,179821,9
7299,Employee_07299,21,179958,10
7300,Employee_07300,22,180095,1
7301,Employee_07301,23,180232,2
7302,Employee_07302,24,180369,3
7303,Employee_07303,25,180506,4
7304,Employee_07304,26,180643,5
7305,Employee_07305,27,180780,6
7306,Employee_07306,28,180917,7
7307,Employee_07307,29,181054,8
7308,Employee_07308,30,181191,9
7309,Employee_07309,31,181328,10
7310,Employee_07310,32,181465,1
7311,Employee_07311,33,181602,2
7312,Employee_07312,34,181739,3
7313,Employee_07313,35,181876,4
7314,Employee_07314,36,182013,5
7315,Employee_07315,37,182150,6
7316,Employee_07316,38,182287,7
7317,Employee_07317,39,182424,8
7318,Employee_07318,40,182561,9
7319,Employee_07319,41,182698,10
7320,Employee_07320,42,182835,1
7321,Employee_07321,43,182972,2
7322,Employee_07322,44,183109,3
7323,Employee_07323,45,183246,4
7324,Employee_07324,46,183383,5
7325,Employee_07325,47,183520,6
7326,Employee_07326,48,183657,7
7327,Employee_07327,49,183794,8
7328,Employee_07328,50,183931,9
7329,Employee_07329,51,184068,10
7330,Employee_07330,52,184205,1
7331,Employee_07331,53,184342,2
7332,Employee_07332,54,184479,3
7333,Employee_07333,55,184616,4
7334,Employee_07334,56,184753,5
7335,Employee_07335,57,184890,6
7336,Employee_07336,58,185027,7
7337,Employee_07337,59,185164,8
7338,Employee_07338,60,185301,9
7339,Employee_07339,61,185438,10
7340,Employee_07340,62,185575,1
7341,Employee_07341,63,185712,2
7342,Employee_07342,64,185849,3
7343,Employee_07343,65,185986,4
7344,Employee_07344,18,186123,5
7345,Employee_07345,19,186260,6
7346,Employee_07346,20,186397,7
7347,Employee_07347,21,186534,8
7348,Employee_07348,22,186671,9
7349,Employee_07349,23,186808,10
7350,Employee_07350,24,186945,1
7351,Employee_07351,25,187082,2
7352,Employee_07352,26,187219,3
7353,Employee_07353,27,187356,4
7354,Employee_07354,28,187493,5
7355,Employee_07355,29,187630,6
7356,Employee_07356,30,187767,7
7357,Employee_07357,31,187904,8
7358,Employee_07358,32,188041,9
7359,Employee_07359,33,188178,10
7360,Employee_07360,34,188315,1
7361,Employee_07361,35,188452,2
7362,Employee_07362,36,188589,3
7363,Employee_07363,37,188726,4
7364,Employee_07364,38,188863,5
7365,Employee_07365,39,189000,6
7366,Employee_07366,40,189137,7
7367,Employee_07367,41,189274,8
7368,Employee_07368,42,189411,9
7369,Employee_07369,43,189548,10
7370,Employee_07370,44,189685,1
7371,Employee_07371,45,189822,2
7372,Employee_07372,46,189959,3
7373,Employee_07373,47,190096,4
7374,Employee_07374,48,190233,5
7375,Employee_07375,49,190370,6
7376,Employee_07376,50,190507,7
7377,Employee_07377,51,190644,8
7378,Employee_07378,52,190781,9
7379,Employee_07379,53,190918,10
7380,Employee_07380,54,191055,1
7381,Employee_07381,55,191192,2
7382,Employee_07382,56,191329,3
7383,Employee_07383,57,191466,4
7384,Employee_07384,58,191603,5
7385,Employee_07385,59,191740,6
7386,Employee_07386,60,191877,7
7387,Employee_07387,61,192014,8
7388,Employee_07388,62,192151,9
7389,Employee_07389,63,192288,10
7390,Employee_07390,64,192425,1
7391,Employee_07391,65,192562,2
7392,Employee_07392,18,192699,3
7393,Employee_07393,19,192836,4
7394,Employee_07394,20,192973,5
7395,Employee_07395,21,193110,6
7396,Employee_07396,22,193247,7
7397,Employee_07397,23,193384,8
7398,Employee_07398,24,193521,9
7399,Employee_07399,25,193658,10
7400,Employee_07400,26,193795,1
7401,Employee_07401,27,193932,2
7402,Employee_07402,28,194069,3
7403,Employee_07403,29,194206,4
7404,Employee_07404,30,194343,5
7405,Employee_07405,31,194480,6
7406,Employee_07406,32,194617,7
7407,Employee_07407,33,194754,8
7408,Employee_07408,34,194891,9
7409,Employee_07409,35,195028,10
7410,Employee_07410,36,195165,1
7411,Employee_07411,37,195302,2
7412,Employee_07412,38,195439,3
7413,Employee_07413,39,195576,4
7414,Employee_07414,40,195713,5
7415,Employee_07415,41,195850,6
7416,Employee_07416,42,195987,7
7417,Employee_07417,43,196124,8
7418,Employee_07418,44,196261,9
7419,Employee_07419,45,196398,10
7420,Employee_07420,46,196535,1
7421,Employee_07421,47,196672,2
7422,Employee_07422,48,196809,3
7423,Employee_07423,49,196946,4
7424,Employee_07424,50,197083,5
7425,Employee_07425,51,197220,6
7426,Employee_07426,52,197357,7
7427,Employee_07427,53,197494,8
7428,Employee_07428,54,197631,9
7429,Employee_07429,55,197768,10
7430,Employee_07430,56,197905,1
7431,Employee_07431,57,198042,2
7432,Employee_07432,58,198179,3
7433,Employee_07433,59,198316,4
7434,Employee_07434,60,198453,5
7435,Employee_07435,61,198590,6
7436,Employee_07436,62,198727,7
7437,Employee_07437,63,198864,8
7438,Employee_07438,64,199001,9
7439,Employee_07439,65,199138,10
7440,Employee_07440,18,199275,1
7441,Employee_07441,19,199412,2
7442,Employee_07442,20,199549,3
7443,Employee_07443,21,199686,4
7444,Employee_07444,22,199823,5
7445,Employee_07445,23,199960,6
7446,Employee_07446,24,30096,7
7447,Employee_07447,25,30233,8
7448,Employee_07448,26,30370,9
7449,Employee_07449,27,30507,10
7450,Employee_07450,28,30644,1
7451,Employee_07451,29,30781,2
7452,Employee_07452,30,30918,3
7453,Employee_07453,31,31055,4
7454,Employee_07454,32,31192,5
7455,Employee_07455,33,31329,6
7456,Employee_07456,34,31466,7
7457,Employee_07457,35,31603,8
7458,Employee_07458,36,31740,9
7459,Employee_07459,37,31877,10
7460,Employee_07460,38,32014,1
7461,Employee_07461,39,32151,2
7462,Employee_07462,40,32288,3
7463,Employee_07463,41,32425,4
7464,Employee_07464,42,32562,5
7465,Employee_07465,43,32699,6
7466,Employee_07466,44,32836,7
7467,Employee_07467,45,32973,8
7468,Employee_07468,46,33110,9
7469,Employee_07469,47,33247,10
7470,Employee_07470,48,33384,1
7471,Employee_07471,49,33521,2
7472,Employee_07472,50,33658,3
7473,Employee_07473,51,33795,4
7474,Employee_07474,52,33932,5
7475,Employee_07475,53,34069,6
7476,Employee_07476,54,34206,7
7477,Employee_07477,55,34343,8
7478,Employee_07478,56,34480,9
7479,Employee_07479,57,34617,10
7480,Employee_07480,58,34754,1
7481,Employee_07481,59,34891,2
7482,Employee_07482,60,35028,3
7483,Employee_07483,61,35165,4
7484,Employee_07484,62,35302,5
7485,Employee_07485,63,35439,6
7486,Employee_07486,64,35576,7
7487,Employee_07487,65,35713,8
7488,Employee_07488,18,35850,9
7489,Employee_07489,19,35987,10
7490,Employee_07490,20,36124,1
7491,Employee_07491,21,36261,2
7492,Employee_07492,22,36398,3
7493,Employee_07493,23,36535,4
7494,Employee_07494,24,36672,5
7495,Employee_07495,25,36809,6
7496,Employee_07496,26,36946,7
7497,Employee_07497,27,37083,8
7498,Employee_07498,28,37220,9
7499,Employee_07499,29,37357,10
7500,Employee_07500,30,37494,1
7501,Employee_07501,31,37631,2
7502,Employee_07502,32,37768,3
7503,Employee_07503,33,37905,4
7504,Employee_07504,34,38042,5
7505,Employee_07505,35,38179,6
7506,Employee_07506,36,38316,7
7507,Employee_07507,37,38453,8
7508,Employee_07508,38,38590,9
7509,Employee_07509,39,38727,10
7510,Employee_07510,40,38864,1
7511,Employee_07511,41,39001,2
7512,Employee_07512,42,39138,3
7513,Employee_07513,43,39275,4
7514,Employee_07514,44,39412,5
7515,Employee_07515,45,39549,6
7516,Employee_07516,46,39686,7
7517,Employee_07517,47,39823,8
7518,Employee_07518,48,39960,9
7519,Employee_07519,49,40097,10
7520,Employee_07520,50,40234,1
7521,Employee_07521,51,40371,2
7522,Employee_07522,52,40508,3
7523,Employee_07523,53,40645,4
7524,Employee_07524,54,40782,5
7525,Employee_07525,55,40919,6
7526,Employee_07526,56,41056,7
7527,Employee_07527,57,41193,8
7528,Employee_07528,58,41330,9
7529,Employee_07529,59,41467,10
7530,Employee_07530,60,41604,1
7531,Employee_07531,61,41741,2
7532,Employee_07532,62,41878,3
7533,Employee_07533,63,42015,4
7534,Employee_07534,64,42152,5
7535,Employee_07535,65,42289,6
7536,Employee_07536,18,42426,7
7537,Employee_07537,19,42563,8
7538,Employee_07538,20,42700,9
7539,Employee_07539,21,42837,10
7540,Employee_07540,22,42974,1
7541,Employee_07541,23,43111,2
7542,Employee_07542,24,43248,3
7543,Employee_07543,25,43385,4
7544,Employee_07544,26,43522,5
7545,Employee_07545,27,43659,6
7546,Employee_07546,28,43796,7
7547,Employee_07547,29,43933,8
7548,Employee_07548,30,44070,9
7549,Employee_07549,31,44207,10
7550,Employee_07550,32,44344,1
7551,Employee_07551,33,44481,2
7552,Employee_07552,34,44618,3
7553,Employee_07553,35,44755,4
7554,Employee_07554,36,44892,5
7555,Employee_07555,37,45029,6
7556,Employee_07556,38,45166,7
7557,Employee_07557,39,45303,8
7558,Employee_07558,40,45440,9
7559,Employee_07559,41,45577,10
7560,Employee_07560,42,45714,1
7561,Employee_07561,43,45851,2
7562,Employee_07562,44,45988,3
7563,Employee_07563,45,46125,4
7564,Employee_07564,46,46262,5
7565,Employee_07565,47,46399,6
7566,Employee_07566,48,46536,7
7567,Employee_07567,49,46673,8
7568,Employee_07568,50,46810,9
7569,Employee_07569,51,46947,10
7570,Employee_07570,52,47084,1
7571,Employee_07571,53,47221,2
7572,Employee_07572,54,47358,3
7573,Employee_07573,55,47495,4
7574,Employee_07574,56,47632,5
7575,Employee_07575,57,47769,6
7576,Employee_07576,58,47906,7
7577,Employee_07577,59,48043,8
7578,Employee_07578,60,48180,9
7579,Employee_07579,61,48317,10
7580,Employee_07580,62,48454,1
7581,Employee_07581,63,48591,2
7582,Employee_07582,64,48728,3
7583,Employee_07583,65,48865,4
7584,Employee_07584,18,49002,5
7585,Employee_07585,19,49139,6
7586,Employee_07586,20,49276,7
7587,Employee_07587,21,49413,8
7588,Employee_07588,22,49550,9
7589,Employee_07589,23,49687,10
7590,Employee_07590,24,49824,1
7591,Employee_07591,25,49961,2
7592,Employee_07592,26,50098,3
7593,Employee_07593,27,50235,4
7594,Employee_07594,28,50372,5
7595,Employee_07595,29,50509,6
7596,Employee_07596,30,50646,7
7597,Employee_07597,31,50783,8
7598,Employee_07598,32,50920,9
7599,Employee_07599,33,51057,10
7600,Employee_07600,34,51194,1
7601,Employee_07601,35,51331,2
7602,Employee_07602,36,51468,3
7603,Employee_07603,37,51605,4
7604,Employee_07604,38,51742,5
7605,Employee_07605,39,51879,6
7606,Employee_07606,40,52016,7
7607,Employee_07607,41,52153,8
7608,Employee_07608,42,52290,9
7609,Employee_07609,43,52427,10
7610,Employee_07610,44,52564,1
7611,Employee_07611,45,52701,2
7612,Employee_07612,46,52838,3
7613,Employee_07613,47,52975,4
7614,Employee_07614,48,53112,5
7615,Employee_07615,49,53249,6
7616,Employee_07616,50,53386,7
7617,Employee_07617,51,53523,8
7618,Employee_07618,52,53660,9
7619,Employee_07619,53,53797,10
7620,Employee_07620,54,53934,1
7621,Employee_07621,55,54071,2
7622,Employee_07622,56,54208,3
7623,Employee_07623,57,54345,4
7624,Employee_07624,58,54482,5
7625,Employee_07625,59,54619,6
7626,Employee_07626,60,54756,7
7627,Employee_07627,61,54893,8
7628,Employee_07628,62,55030,9
7629,Employee_07629,63,55167,10
7630,Employee_07630,64,55304,1
7631,Employee_07631,65,55441,2
7632,Employee_07632,18,55578,3
7633,Employee_07633,19,55715,4
7634,Employee_07634,20,55852,5
7635,Employee_07635,21,55989,6
7636,Employee_07636,22,56126,7
7637,Employee_07637,23,56263,8
7638,Employee_07638,24,56400,9
7639,Employee_07639,25,56537,10
7640,Employee_07640,26,56674,1
7641,Employee_07641,27,56811,2
7642,Employee_07642,28,56948,3
7643,Employee_07643,29,57085,4
7644,Employee_07644,30,57222,5
7645,Employee_07645,31,57359,6
7646,Employee_07646,32,57496,7
7647,Employee_07647,33,57633,8
7648,Employee_07648,34,57770,9
7649,Employee_07649,35,57907,10
7650,Employee_07650,36,58044,1
7651,Employee_07651,37,58181,2
7652,Employee_07652,38,58318,3
7653,Employee_07653,39,58455,4
7654,Employee_07654,40,58592,5
7655,Employee_07655,41,58729,6
7656,Employee_07656,42,58866,7
7657,Employee_07657,43,59003,8
7658,Employee_07658,44,59140,9
7659,Employee_07659,45,59277,10
7660,Employee_07660,46,59414,1
7661,Employee_07661,47,59551,2
7662,Employee_07662,48,59688,3
7663,Employee_07663,49,59825,4
7664,Employee_07664,50,59962,5
7665,Employee_07665,51,60099,6
7666,Employee_07666,52,60236,7
7667,Employee_07667,53,60373,8
7668,Employee_07668,54,60510,9
7669,Employee_07669,55,60647,10
7670,Employee_07670,56,60784,1
7671,Employee_07671,57,60921,2
7672,Employee_07672,58,61058,3
7673,Employee_07673,59,61195,4
7674,Employee_07674,60,61332,5
7675,Employee_07675,61,61469,6
7676,Employee_07676,62,61606,7
7677,Employee_07677,63,61743,8
7678,Employee_07678,64,61880,9
7679,Employee_07679,65,62017,10
7680,Employee_07680,18,62154,1
7681,Employee_07681,19,62291,2
7682,Employee_07682,20,62428,3
7683,Employee_07683,21,62565,4
7684,Employee_07684,22,62702,5
7685,Employee_07685,23,62839,6
7686,Employee_07686,24,62976,7
7687,Employee_07687,25,63113,8
7688,Employee_07688,26,63250,9
7689,Employee_07689,27,63387,10
7690,Employee_07690,28,63524,1
7691,Employee_07691,29,63661,2
7692,Employee_07692,30,63798,3
7693,Employee_07693,31,63935,4
7694,Employee_07694,32,64072,5
7695,Employee_07695,33,64209,6
7696,Employee_07696,34,64346,7
7697,Employee_07697,35,64483,8
7698,Employee_07698,36,64620,9
7699,Employee_07699,37,64757,10
7700,Employee_07700,38,64894,1
7701,Employee_07701,39,65031,2
7702,Employee_07702,40,65168,3
7703,Employee_07703,41,65305,4
7704,Employee_07704,42,65442,5
7705,Employee_07705,43,65579,6
7706,Employee_07706,44,65716,7
7707,Employee_07707,45,65853,8
7708,Employee_07708,46,65990,9
7709,Employee_07709,47,66127,10
7710,Employee_07710,48,66264,1
7711,Employee_07711,49,66401,2
7712,Employee_07712,50,66538,3
7713,Employee_07713,51,66675,4
7714,Employee_07714,52,66812,5
7715,Employee_07715,53,66949,6
7716,Employee_07716,54,67086,7
7717,Employee_07717,55,67223,8
7718,Employee_07718,56,67360,9
7719,Employee_07719,57,67497,10
7720,Employee_07720,58,67634,1
7721,Employee_07721,59,67771,2
7722,Employee_07722,60,67908,3
7723,Employee_07723,61,68045,4
7724,Employee_07724,62,68182,5
7725,Employee_07725,63,68319,6
7726,Employee_07726,64,68456,7
7727,Employee_07727,65,68593,8
7728,Employee_07728,18,68730,9
7729,Employee_07729,19,68867,10
7730,Employee_07730,20,69004,1
7731,Employee_07731,21,69141,2
7732,Employee_07732,22,69278,3
7733,Employee_07733,23,69415,4
7734,Employee_07734,24,69552,5
7735,Employee_07735,25,69689,6
7736,Employee_07736,26,69826,7
7737,Employee_07737,27,69963,8
7738,Employee_07738,28,70100,9
7739,Employee_07739,29,70237,10
7740,Employee_07740,30,70374,1
7741,Employee_07741,31,70511,2
7742,Employee_07742,32,70648,3
7743,Employee_07743,33,70785,4
7744,Employee_07744,34,70922,5
7745,Employee_07745,35,71059,6
7746,Employee_07746,36,71196,7
7747,Employee_07747,37,71333,8
7748,Employee_07748,38,71470,9
7749,Employee_07749,39,71607,10
7750,Employee_07750,40,71744,1
7751,Employee_07751,41,71881,2
7752,Employee_07752,42,72018,3
7753,Employee_07753,43,72155,4
7754,Employee_07754,44,72292,5
7755,Employee_07755,45,72429,6
7756,Employee_07756,46,72566,7
7757,Employee_07757,47,72703,8
7758,Employee_07758,48,72840,9
7759,Employee_07759,49,72977,10
7760,Employee_07760,50,73114,1
7761,Employee_07761,51,73251,2
7762,Employee_07762,52,73388,3
7763,Employee_07763,53,73525,4
7764,Employee_07764,54,73662,5
7765,Employee_07765,55,73799,6
7766,Employee_07766,56,73936,7
7767,Employee_07767,57,74073,8
7768,Employee_07768,58,74210,9
7769,Employee_07769,59,74347,10
7770,Employee_07770,60,74484,1
7771,Employee_07771,61,74621,2
7772,Employee_07772,62,74758,3
7773,Employee_07773,63,74895,4
7774,Employee_07774,64,75032,5
7775,Employee_07775,65,75169,6
7776,Employee_07776,18,75306,7
7777,Employee_07777,19,75443,8
7778,Employee_07778,20,75580,9
7779,Employee_07779,21,75717,10
7780,Employee_07780,22,75854,1
7781,Employee_07781,23,75991,2
7782,Employee_07782,24,76128,3
7783,Employee_07783,25,76265,4
7784,Employee_07784,26,76402,5
7785,Employee_07785,27,76539,6
7786,Employee_07786,28,76676,7
7787,Employee_07787,29,76813,8
7788,Employee_07788,30,76950,9
7789,Employee_07789,31,77087,10
7790,Employee_07790,32,77224,1
7791,Employee_07791,33,77361,2
7792,Employee_07792,34,77498,3
7793,Employee_07793,35,77635,4
7794,Employee_07794,36,77772,5
7795,Employee_07795,37,77909,6
7796,Employee_07796,38,78046,7
7797,Employee_07797,39,78183,8
7798,Employee_07798,40,78320,9
7799,Employee_07799,41,78457,10
7800,Employee_07800,42,78594,1
7801,Employee_07801,43,78731,2
7802,Employee_07802,44,78868,3
7803,Employee_07803,45,79005,4
7804,Employee_07804,46,79142,5
7805,Employee_07805,47,79279,6
7806,Employee_07806,48,79416,7
7807,Employee_07807,49,79553,8
7808,Employee_07808,50,79690,9
7809,Employee_07809,51,79827,10
7810,Employee_07810,52,79964,1
7811,Employee_07811,53,80101,2
7812,Employee_07812,54,80238,3
7813,Employee_07813,55,80375,4
7814,Employee_07814,56,80512,5
7815,Employee_07815,57,80649,6
7816,Employee_07816,58,80786,7
7817,Employee_07817,59,80923,8
7818,Employee_07818,60,81060,9
7819,Employee_07819,61,81197,10
7820,Employee_07820,62,81334,1
7821,Employee_07821,63,81471,2
7822,Employee_07822,64,81608,3
7823,Employee_07823,65,81745,4
7824,Employee_07824,18,81882,5
7825,Employee_07825,19,82019,6
7826,Employee_07826,20,82156,7
7827,Employee_07827,21,82293,8
7828,Employee_07828,22,82430,9
7829,Employee_07829,23,82567,10
7830,Employee_07830,24,82704,1
7831,Employee_07831,25,82841,2
7832,Employee_07832,26,82978,3
7833,Employee_07833,27,83115,4
7834,Employee_07834,28,83252,5
7835,Employee_07835,29,83389,6
7836,Employee_07836,30,83526,7
7837,Employee_07837,31,83663,8
7838,Employee_07838,32,83800,9
7839,Employee_07839,33,83937,10
7840,Employee_07840,34,84074,1
7841,Employee_07841,35,84211,2
7842,Employee_07842,36,84348,3
7843,Employee_07843,37,84485,4
7844,Employee_07844,38,84622,5
7845,Employee_07845,39,84759,6
7846,Employee_07846,40,84896,7
7847,Employee_07847,41,85033,8
7848,Employee_07848,42,85170,9
7849,Employee_07849,43,85307,10
7850,Employee_07850,44,85444,1
7851,Employee_07851,45,85581,2
7852,Employee_07852,46,85718,3
7853,Employee_07853,47,85855,4
7854,Employee_07854,48,85992,5
7855,Employee_07855,49,86129,6
7856,Employee_07856,50,86266,7
7857,Employee_07857,51,86403,8
7858,Employee_07858,52,86540,9
7859,Employee_07859,53,86677,10
7860,Employee_07860,54,86814,1
7861,Employee_07861,55,86951,2
7862,Employee_07862,56,87088,3
7863,Employee_07863,57,87225,4
7864,Employee_07864,58,87362,5
7865,Employee_07865,59,87499,6
7866,Employee_07866,60,87636,7
7867,Employee_07867,61,87773,8
7868,Employee_07868,62,87910,9
7869,Employee_07869,63,88047,10
7870,Employee_07870,64,88184,1
7871,Employee_07871,65,88321,2
7872,Employee_07872,18,88458,3
7873,Employee_07873,19,88595,4
7874,Employee_07874,20,88732,5
7875,Employee_07875,21,88869,6
7876,Employee_07876,22,89006,7
7877,Employee_07877,23,89143,8
7878,Employee_07878,24,89280,9
7879,Employee_07879,25,89417,10
7880,Employee_07880,26,89554,1
7881,Employee_07881,27,89691,2
7882,Employee_07882,28,89828,3
7883,Employee_07883,29,89965,4
7884,Employee_07884,30,90102,5
7885,Employee_07885,31,90239,6
7886,Employee_07886,32,90376,7
7887,Employee_07887,33,90513,8
7888,Employee_07888,34,90650,9
7889,Employee_07889,35,90787,10
7890,Employee_07890,36,90924,1
7891,Employee_07891,37,91061,2
7892,Employee_07892,38,91198,3
7893,Employee_07893,39,91335,4
7894,Employee_07894,40,91472,5
7895,Employee_07895,41,91609,6
7896,Employee_07896,42,91746,7
7897,Employee_07897,43,91883,8
7898,Employee_07898,44,92020,9
7899,Employee_07899,45,92157,10
7900,Employee_07900,46,92294,1
7901,Employee_07901,47,92431,2
7902,Employee_07902,48,92568,3
7903,Employee_07903,49,92705,4
7904,Employee_07904,50,92842,5
7905,Employee_07905,51,92979,6
7906,Employee_07906,52,93116,7
7907,Employee_07907,53,93253,8
7908,Employee_07908,54,93390,9
7909,Employee_07909,55,93527,10
7910,Employee_07910,56,93664,1
7911,Employee_07911,57,93801,2
7912,Employee_07912,58,93938,3
7913,Employee_07913,59,94075,4
7914,Employee_07914,60,94212,5
7915,Employee_07915,61,94349,6
7916,Employee_07916,62,94486,7
7917,Employee_07917,63,94623,8
7918,Employee_07918,64,94760,9
7919,Employee_07919,65,94897,10
7920,Employee_07920,18,95034,1
7921,Employee_07921,19,95171,2
7922,Employee_07922,20,95308,3
7923,Employee_07923,21,95445,4
7924,Employee_07924,22,95582,5
7925,Employee_07925,23,95719,6
7926,Employee_07926,24,95856,7
7927,Employee_07927,25,95993,8
7928,Employee_07928,26,96130,9
7929,Employee_07929,27,96267,10
7930,Employee_07930,28,96404,1
7931,Employee_07931,29,96541,2
7932,Employee_07932,30,96678,3
7933,Employee_07933,31,96815,4
7934,Employee_07934,32,96952,5
7935,Employee_07935,33,97089,6
7936,Employee_07936,34,97226,7
7937,Employee_07937,35,97363,8
7938,Employee_07938,36,97500,9
7939,Employee_07939,37,97637,10
7940,Employee_07940,38,97774,1
7941,Employee_07941,39,97911,2
7942,Employee_07942,40,98048,3
7943,Employee_07943,41,98185,4
7944,Employee_07944,42,98322,5
7945,Employee_07945,43,98459,6
7946,Employee_07946,44,98596,7
7947,Employee_07947,45,98733,8
7948,Employee_07948,46,98870,9
7949,Employee_07949,47,99007,10
7950,Employee_07950,48,99144,1
7951,Employee_07951,49,99281,2
7952,Employee_07952,50,99418,3
7953,Employee_07953,51,99555,4
7954,Employee_07954,52,99692,5
7955,Employee_07955,53,99829,6
7956,Employee_07956,54,99966,7
7957,Employee_07957,55,100103,8
7958,Employee_07958,56,100240,9
7959,Employee_07959,57,100377,10
7960,Employee_07960,58,100514,1
7961,Employee_07961,59,100651,2
7962,Employee_07962,60,100788,3
7963,Employee_07963,61,100925,4
7964,Employee_07964,62,101062,5
7965,Employee_07965,63,101199,6
7966,Employee_07966,64,101336,7
7967,Employee_07967,65,101473,8
7968,Employee_07968,18,101610,9
7969,Employee_07969,19,101747,10
7970,Employee_07970,20,101884,1
7971,Employee_07971,21,102021,2
7972,Employee_07972,22,102158,3
7973,Employee_07973,23,102295,4
7974,Employee_07974,24,102432,5
7975,Employee_07975,25,102569,6
7976,Employee_07976,26,102706,7
7977,Employee_07977,27,102843,8
7978,Employee_07978,28,102980,9
7979,Employee_07979,29,103117,10
7980,Employee_07980,30,103254,1
7981,Employee_07981,31,103391,2
7982,Employee_07982,32,103528,3
7983,Employee_07983,33,103665,4
7984,Employee_07984,34,103802,5
7985,Employee_07985,35,103939,6
7986,Employee_07986,36,104076,7
7987,Employee_07987,37,104213,8
7988,Employee_07988,38,104350,9
7989,Employee_07989,39,104487,10
7990,Employee_07990,40,104624,1
7991,Employee_07991,41,104761,2
7992,Employee_07992,42,104898,3
7993,Employee_07993,43,105035,4
7994,Employee_07994,44,105172,5
7995,Employee_07995,45,105309,6
7996,Employee_07996,46,105446,7
7997,Employee_07997,47,105583,8
7998,Employee_07998,48,105720,9
7999,Employee_07999,49,105857,10
8000,Employee_08000,50,105994,1
8001,Employee_08001,51,106131,2
8002,Employee_08002,52,106268,3
8003,Employee_08003,53,106405,4
8004,Employee_08004,54,106542,5
8005,Employee_08005,55,106679,6
8006,Employee_08006,56,106816,7
8007,Employee_08007,57,106953,8
8008,Employee_08008,58,107090,9
8009,Employee_08009,59,107227,10
8010,Employee_08010,60,107364,1
8011,Employee_08011,61,107501,2
8012,Employee_08012,62,107638,3
8013,Employee_08013,63,107775,4
8014,Employee_08014,64,107912,5
8015,Employee_08015,65,108049,6
8016,Employee_08016,18,108186,7
8017,Employee_08017,19,108323,8
8018,Employee_08018,20,108460,9
8019,Employee_08019,21,108597,10
8020,Employee_08020,22,108734,1
8021,Employee_08021,23,108871,2
8022,Employee_08022,24,109008,3
8023,Employee_08023,25,109145,4
8024,Employee_08024,26,109282,5
8025,Employee_08025,27,109419,6
8026,Employee_08026,28,109556,7
8027,Employee_08027,29,109693,8
8028,Employee_08028,30,109830,9
8029,Employee_08029,31,109967,10
8030,Employee_08030,32,110104,1
8031,Employee_08031,33,110241,2
8032,Employee_08032,34,110378,3
8033,Employee_08033,35,110515,4
8034,Employee_08034,36,110652,5
8035,Employee_08035,37,110789,6
8036,Employee_08036,38,110926,7
8037,Employee_08037,39,111063,8
8038,Employee_08038,40,111200,9
8039,Employee_08039,41,111337,10
8040,Employee_08040,42,111474,1
8041,Employee_08041,43,111611,2
8042,Employee_08042,44,111748,3
8043,Employee_08043,45,111885,4
8044,Employee_08044,46,112022,5
8045,Employee_08045,47,112159,6
8046,Employee_08046,48,112296,7
8047,Employee_08047,49,112433,8
8048,Employee_08048,50,112570,9
8049,Employee_08049,51,112707,10
8050,Employee_08050,52,112844,1
8051,Employee_08051,53,112981,2
8052,Employee_08052,54,113118,3
8053,Employee_08053,55,113255,4
8054,Employee_08054,56,113392,5
8055,Employee_08055,57,113529,6
8056,Employee_08056,58,113666,7
8057,Employee_08057,59,113803,8
8058,Employee_08058,60,113940,9
8059,Employee_08059,61,114077,10
8060,Employee_08060,62,114214,1
8061,Employee_08061,63,114351,2
8062,Employee_08062,64,114488,3
8063,Employee_08063,65,114625,4
8064,Employee_08064,18,114762,5
8065,Employee_08065,19,114899,6
8066,Employee_08066,20,115036,7
8067,Employee_08067,21,115173,8
8068,Employee_08068,22,115310,9
8069,Employee_08069,23,115447,10
8070,Employee_08070,24,115584,1
8071,Employee_08071,25,115721,2
8072,Employee_08072,26,115858,3
8073,Employee_08073,27,115995,4
8074,Employee_08074,28,116132,5
8075,Employee_08075,29,116269,6
8076,Employee_08076,30,116406,7
8077,Employee_08077,31,116543,8
8078,Employee_08078,32,116680,9
8079,Employee_08079,33,116817,10
8080,Employee_08080,34,116954,1
8081,Employee_08081,35,117091,2
8082,Employee_08082,36,117228,3
8083,Employee_08083,37,117365,4
8084,Employee_08084,38,117502,5
8085,Employee_08085,39,117639,6
8086,Employee_08086,40,117776,7
8087,Employee_08087,41,117913,8
8088,Employee_08088,42,118050,9
8089,Employee_08089,43,118187,10
8090,Employee_08090,44,118324,1
8091,Employee_08091,45,118461,2
8092,Employee_08092,46,118598,3
8093,Employee_08093,47,118735,4
8094,Employee_08094,48,118872,5
8095,Employee_08095,49,119009,6
8096,Employee_08096,50,119146,7
8097,Employee_08097,51,119283,8
8098,Employee_08098,52,119420,9
8099,Employee_08099,53,119557,10
8100,Employee_08100,54,119694,1
8101,Employee_08101,55,119831,2
8102,Employee_08102,56,119968,3
8103,Employee_08103,57,120105,4
8104,Employee_08104,58,120242,5
8105,Employee_08105,59,120379,6
8106,Employee_08106,60,120516,7
8107,Employee_08107,61,120653,8
8108,Employee_08108,62,120790,9
8109,Employee_08109,63,120927,10
8110,Employee_08110,64,121064,1
8111,Employee_08111,65,121201,2
8112,Employee_08112,18,121338,3
8113,Employee_08113,19,121475,4
8114,Employee_08114,20,121612,5
8115,Employee_08115,21,121749,6
8116,Employee_08116,22,121886,7
8117,Employee_08117,23,122023,8
8118,Employee_08118,24,122160,9
8119,Employee_08119,25,122297,10
8120,Employee_08120,26,122434,1
8121,Employee_08121,27,122571,2
8122,Employee_08122,28,122708,3
8123,Employee_08123,29,122845,4
8124,Employee_08124,30,122982,5
8125,Employee_08125,31,123119,6
8126,Employee_08126,32,123256,7
8127,Employee_08127,33,123393,8
8128,Employee_08128,34,123530,9
8129,Employee_08129,35,123667,10
8130,Employee_08130,36,123804,1
8131,Employee_08131,37,123941,2
8132,Employee_08132,38,124078,3
8133,Employee_08133,39,124215,4
8134,Employee_08134,40,124352,5
8135,Employee_08135,41,124489,6
8136,Employee_08136,42,124626,7
8137,Employee_08137,43,124763,8
8138,Employee_08138,44,124900,9
8139,Employee_08139,45,125037,10
8140,Employee_08140,46,125174,1
8141,Employee_08141,47,125311,2
8142,Employee_08142,48,125448,3
8143,Employee_08143,49,125585,4
8144,Employee_08144,50,125722,5
8145,Employee_08145,51,125859,6
8146,Employee_08146,52,125996,7
8147,Employee_08147,53,126133,8
8148,Employee_08148,54,126270,9
8149,Employee_08149,55,126407,10
8150,Employee_08150,56,126544,1
8151,Employee_08151,57,126681,2
8152,Employee_08152,58,126818,3
8153,Employee_08153,59,126955,4
8154,Employee_08154,60,127092,5
8155,Employee_08155,61,127229,6
8156,Employee_08156,62,127366,7
8157,Employee_08157,63,127503,8
8158,Employee_08158,64,127640,9
8159,Employee_08159,65,127777,10
8160,Employee_08160,18,127914,1
8161,Employee_08161,19,128051,2
8162,Employee_08162,20,128188,3
8163,Employee_08163,21,128325,4
8164,Employee_08164,22,128462,5
8165,Employee_08165,23,128599,6
8166,Employee_08166,24,128736,7
8167,Employee_08167,25,128873,8
8168,Employee_08168,26,129010,9
8169,Employee_08169,27,129147,10
8170,Employee_08170,28,129284,1
8171,Employee_08171,29,129421,2
8172,Employee_08172,30,129558,3
8173,Employee_08173,31,129695,4
8174,Employee_08174,32,129832,5
8175,Employee_08175,33,129969,6
8176,Employee_08176,34,130106,7
8177,Employee_08177,35,130243,8
8178,Employee_08178,36,130380,9
8179,Employee_08179,37,130517,10
8180,Employee_08180,38,130654,1
8181,Employee_08181,39,130791,2
8182,Employee_08182,40,130928,3
8183,Employee_08183,41,131065,4
8184,Employee_08184,42,131202,5
8185,Employee_08185,43,131339,6
8186,Employee_08186,44,131476,7
8187,Employee_08187,45,131613,8
8188,Employee_08188,46,131750,9
8189,Employee_08189,47,131887,10
8190,Employee_08190,48,132024,1
8191,Employee_08191,49,132161,2
8192,Employee_08192,50,132298,3
8193,Employee_08193,51,132435,4
8194,Employee_08194,52,132572,5
8195,Employee_08195,53,132709,6
8196,Employee_08196,54,132846,7
8197,Employee_08197,55,132983,8
8198,Employee_08198,56,133120,9
8199,Employee_08199,57,133257,10
8200,Employee_08200,58,133394,1
8201,Employee_08201,59,133531,2
8202,Employee_08202,60,133668,3
8203,Employee_08203,61,133805,4
8204,Employee_08204,62,133942,5
8205,Employee_08205,63,134079,6
8206,Employee_08206,64,134216,7
8207,Employee_08207,65,134353,8
8208,Employee_08208,18,134490,9
8209,Employee_08209,19,134627,10
8210,Employee_08210,20,134764,1
8211,Employee_08211,21,134901,2
8212,Employee_08212,22,135038,3
8213,Employee_08213,23,135175,4
8214,Employee_08214,24,135312,5
8215,Employee_08215,25,135449,6
8216,Employee_08216,26,135586,7
8217,Employee_08217,27,135723,8
8218,Employee_08218,28,135860,9
8219,Employee_08219,29,135997,10
8220,Employee_08220,30,136134,1
8221,Employee_08221,31,136271,2
8222,Employee_08222,32,136408,3
8223,Employee_08223,33,136545,4
8224,Employee_08224,34,136682,5
8225,Employee_08225,35,136819,6
8226,Employee_08226,36,136956,7
8227,Employee_08227,37,137093,8
8228,Employee_08228,38,137230,9
8229,Employee_08229,39,137367,10
8230,Employee_08230,40,137504,1
8231,Employee_08231,41,137641,2
8232,Employee_08232,42,137778,3
8233,Employee_08233,43,137915,4
8234,Employee_08234,44,138052,5
8235,Employee_08235,45,138189,6
8236,Employee_08236,46,138326,7
8237,Employee_08237,47,138463,8
8238,Employee_08238,48,138600,9
8239,Employee_08239,49,138737,10
8240,Employee_08240,50,138874,1
8241,Employee_08241,51,139011,2
8242,Employee_08242,52,139148,3
8243,Employee_08243,53,139285,4
8244,Employee_08244,54,139422,5
8245,Employee_08245,55,139559,6
8246,Employee_08246,56,139696,7
8247,Employee_08247,57,139833,8
8248,Employee_08248,58,139970,9
8249,Employee_08249,59,140107,10
8250,Employee_08250,60,140244,1
8251,Employee_08251,61,140381,2
8252,Employee_08252,62,140518,3
8253,Employee_08253,63,140655,4
8254,Employee_08254,64,140792,5
8255,Employee_08255,65,140929,6
8256,Employee_08256,18,141066,7
8257,Employee_08257,19,141203,8
8258,Employee_08258,20,141340,9
8259,Employee_08259,21,141477,10
8260,Employee_08260,22,141614,1
8261,Employee_08261,23,141751,2
8262,Employee_08262,24,141888,3
8263,Employee_08263,25,142025,4
8264,Employee_08264,26,142162,5
8265,Employee_08265,27,142299,6
8266,Employee_08266,28,142436,7
8267,Employee_08267,29,142573,8
8268,Employee_08268,30,142710,9
8269,Employee_08269,31,142847,10
8270,Employee_08270,32,142984,1
8271,Employee_08271,33,143121,2
8272,Employee_08272,34,143258,3
8273,Employee_08273,35,143395,4
8274,Employee_08274,36,143532,5
8275,Employee_08275,37,143669,6
8276,Employee_08276,38,143806,7
8277,Employee_08277,39,143943,8
8278,Employee_08278,40,144080,9
8279,Employee_08279,41,144217,10
8280,Employee_08280,42,144354,1
8281,Employee_08281,43,144491,2
8282,Employee_08282,44,144628,3
8283,Employee_08283,45,144765,4
8284,Employee_08284,46,144902,5
8285,Employee_08285,47,145039,6
8286,Employee_08286,48,145176,7
8287,Employee_08287,49,145313,8
8288,Employee_08288,50,145450,9
8289,Employee_08289,51,145587,10
8290,Employee_08290,52,145724,1
8291,Employee_08291,53,145861,2
8292,Employee_08292,54,145998,3
8293,Employee_08293,55,146135,4
8294,Employee_08294,56,146272,5
8295,Employee_08295,57,146409,6
8296,Employee_08296,58,146546,7
8297,Employee_08297,59,146683,8
8298,Employee_08298,60,146820,9
8299,Employee_08299,61,146957,10
8300,Employee_08300,62,147094,1
8301,Employee_08301,63,147231,2
8302,Employee_08302,64,147368,3
8303,Employee_08303,65,147505,4
8304,Employee_08304,18,147642,5
8305,Employee_08305,19,147779,6
8306,Employee_08306,20,147916,7
8307,Employee_08307,21,148053,8
8308,Employee_08308,22,148190,9
8309,Employee_08309,23,148327,10
8310,Employee_08310,24,148464,1
8311,Employee_08311,25,148601,2
8312,Employee_08312,26,148738,3
8313,Employee_08313,27,148875,4
8314,Employee_08314,28,149012,5
8315,Employee_08315,29,149149,6
8316,Employee_08316,30,149286,7
8317,Employee_08317,31,149423,8
8318,Employee_08318,32,149560,9
8319,Employee_08319,33,149697,10
8320,Employee_08320,34,149834,1
8321,Employee_08321,35,149971,2
8322,Employee_08322,36,150108,3
8323,Employee_08323,37,150245,4
8324,Employee_08324,38,150382,5
8325,Employee_08325,39,150519,6
8326,Employee_08326,40,150656,7
8327,Employee_08327,41,150793,8
8328,Employee_08328,42,150930,9
8329,Employee_08329,43,151067,10
8330,Employee_08330,44,151204,1
8331,Employee_08331,45,151341,2
8332,Employee_08332,46,151478,3
8333,Employee_08333,47,151615,4
8334,Employee_08334,48,151752,5
8335,Employee_08335,49,151889,6
8336,Employee_08336,50,152026,7
8337,Employee_08337,51,152163,8
8338,Employee_08338,52,152300,9
8339,Employee_08339,53,152437,10
8340,Employee_08340,54,152574,1
8341,Employee_08341,55,152711,2
8342,Employee_08342,56,152848,3
8343,Employee_08343,57,152985,4
8344,Employee_08344,58,153122,5
8345,Employee_08345,59,153259,6
8346,Employee_08346,60,153396,7
8347,Employee_08347,61,153533,8
8348,Employee_08348,62,153670,9
8349,Employee_08349,63,153807,10
8350,Employee_08350,64,153944,1
8351,Employee_08351,65,154081,2
8352,Employee_08352,18,154218,3
8353,Employee_08353,19,154355,4
8354,Employee_08354,20,154492,5
8355,Employee_08355,21,154629,6
8356,Employee_08356,22,154766,7
8357,Employee_08357,23,154903,8
8358,Employee_08358,24,155040,9
8359,Employee_08359,25,155177,10
8360,Employee_08360,26,155314,1
8361,Employee_08361,27,155451,2
8362,Employee_08362,28,155588,3
8363,Employee_08363,29,155725,4
8364,Employee_08364,30,155862,5
8365,Employee_08365,31,155999,6
8366,Employee_08366,32,156136,7
8367,Employee_08367,33,156273,8
8368,Employee_08368,34,156410,9
8369,Employee_08369,35,156547,10
8370,Employee_08370,36,156684,1
8371,Employee_08371,37,156821,2
8372,Employee_08372,38,156958,3
8373,Employee_08373,39,157095,4
8374,Employee_08374,40,157232,5
8375,Employee_08375,41,157369,6
8376,Employee_08376,42,157506,7
8377,Employee_08377,43,157643,8
8378,Employee_08378,44,157780,9
8379,Employee_08379,45,157917,10
8380,Employee_08380,46,158054,1
8381,Employee_08381,47,158191,2
8382,Employee_08382,48,158328,3
8383,Employee_08383,49,158465,4
8384,Employee_08384,50,158602,5
8385,Employee_08385,51,158739,6
8386,Employee_08386,52,158876,7
8387,Employee_08387,53,159013,8
8388,Employee_08388,54,159150,9
8389,Employee_08389,55,159287,10
8390,Employee_08390,56,159424,1
8391,Employee_08391,57,159561,2
8392,Employee_08392,58,159698,3
8393,Employee_08393,59,159835,4
8394,Employee_08394,60,159972,5
8395,Employee_08395,61,160109,6
8396,Employee_08396,62,160246,7
8397,Employee_08397,63,160383,8
8398,Employee_08398,64,160520,9
8399,Employee_08399,65,160657,10
8400,Employee_08400,18,160794,1
8401,Employee_08401,19,160931,2
8402,Employee_08402,20,161068,3
8403,Employee_08403,21,161205,4
8404,Employee_08404,22,161342,5
8405,Employee_08405,23,161479,6
8406,Employee_08406,24,161616,7
8407,Employee_08407,25,161753,8
8408,Employee_08408,26,161890,9
8409,Employee_08409,27,162027,10
8410,Employee_08410,28,162164,1
8411,Employee_08411,29,162301,2
8412,Employee_08412,30,162438,3
8413,Employee_08413,31,162575,4
8414,Employee_08414,32,162712,5
8415,Employee_08415,33,162849,6
8416,Employee_08416,34,162986,7
8417,Employee_08417,35,163123,8
8418,Employee_08418,36,163260,9
8419,Employee_08419,37,163397,10
8420,Employee_08420,38,163534,1
8421,Employee_08421,39,163671,2
8422,Employee_08422,40,163808,3
8423,Employee_08423,41,163945,4
8424,Employee_08424,42,164082,5
8425,Employee_08425,43,164219,6
8426,Employee_08426,44,164356,7
8427,Employee_08427,45,164493,8
8428,Employee_08428,46,164630,9
8429,Employee_08429,47,164767,10
8430,Employee_08430,48,164904,1
8431,Employee_08431,49,165041,2
8432,Employee_08432,50,165178,3
8433,Employee_08433,51,165315,4
8434,Employee_08434,52,165452,5
8435,Employee_08435,53,165589,6
8436,Employee_08436,54,165726,7
8437,Employee_08437,55,165863,8
8438,Employee_08438,56,166000,9
8439,Employee_08439,57,166137,10
8440,Employee_08440,58,166274,1
8441,Employee_08441,59,166411,2
8442,Employee_08442,60,166548,3
8443,Employee_08443,61,166685,4
8444,Employee_08444,62,166822,5
8445,Employee_08445,63,166959,6
8446,Employee_08446,64,167096,7
8447,Employee_08447,65,167233,8
8448,Employee_08448,18,167370,9
8449,Employee_08449,19,167507,10
8450,Employee_08450,20,167644,1
8451,Employee_08451,21,167781,2
8452,Employee_08452,22,167918,3
8453,Employee_08453,23,168055,4
8454,Employee_08454,24,168192,5
8455,Employee_08455,25,168329,6
8456,Employee_08456,26,168466,7
8457,Employee_08457,27,168603,8
8458,Employee_08458,28,168740,9
8459,Employee_08459,29,168877,10
8460,Employee_08460,30,169014,1
8461,Employee_08461,31,169151,2
8462,Employee_08462,32,169288,3
8463,Employee_08463,33,169425,4
8464,Employee_08464,34,169562,5
8465,Employee_08465,35,169699,6
8466,Employee_08466,36,169836,7
8467,Employee_08467,37,169973,8
8468,Employee_08468,38,170110,9
8469,Employee_08469,39,170247,10
8470,Employee_08470,40,170384,1
8471,Employee_08471,41,170521,2
8472,Employee_08472,42,170658,3
8473,Employee_08473,43,170795,4
8474,Employee_08474,44,170932,5
8475,Employee_08475,45,171069,6
8476,Employee_08476,46,171206,7
8477,Employee_08477,47,171343,8
8478,Employee_08478,48,171480,9
8479,Employee_08479,49,171617,10
8480,Employee_08480,50,171754,1
8481,Employee_08481,51,171891,2
8482,Employee_08482,52,172028,3
8483,Employee_08483,53,172165,4
8484,Employee_08484,54,172302,5
8485,Employee_08485,55,172439,6
8486,Employee_08486,56,172576,7
8487,Employee_08487,57,172713,8
8488,Employee_08488,58,172850,9
8489,Employee_08489,59,172987,10
8490,Employee_08490,60,173124,1
8491,Employee_08491,61,173261,2
8492,Employee_08492,62,173398,3
8493,Employee_08493,63,173535,4
8494,Employee_08494,64,173672,5
8495,Employee_08495,65,173809,6
8496,Employee_08496,18,173946,7
8497,Employee_08497,19,174083,8
8498,Employee_08498,20,174220,9
8499,Employee_08499,21,174357,10
8500,Employee_08500,22,174494,1
8501,Employee_08501,23,174631,2
8502,Employee_08502,24,174768,3
8503,Employee_08503,25,174905,4
8504,Employee_08504,26,175042,5
8505,Employee_08505,27,175179,6
8506,Employee_08506,28,175316,7
8507,Employee_08507,29,175453,8
8508,Employee_08508,30,175590,9
8509,Employee_08509,31,175727,10
8510,Employee_08510,32,175864,1
8511,Employee_08511,33,176001,2
8512,Employee_08512,34,176138,3
8513,Employee_08513,35,176275,4
8514,Employee_08514,36,176412,5
8515,Employee_08515,37,176549,6
8516,Employee_08516,38,176686,7
8517,Employee_08517,39,176823,8
8518,Employee_08518,40,176960,9
8519,Employee_08519,41,177097,10
8520,Employee_08520,42,177234,1
8521,Employee_08521,43,177371,2
8522,Employee_08522,44,177508,3
8523,Employee_08523,45,177645,4
8524,Employee_08524,46,177782,5
8525,Employee_08525,47,177919,6
8526,Employee_08526,48,178056,7
8527,Employee_08527,49,178193,8
8528,Employee_08528,50,178330,9
8529,Employee_08529,51,178467,10
8530,Employee_08530,52,178604,1
8531,Employee_08531,53,178741,2
8532,Employee_08532,54,178878,3
8533,Employee_08533,55,179015,4
8534,Employee_08534,56,179152,5
8535,Employee_08535,57,179289,6
8536,Employee_08536,58,179426,7
8537,Employee_08537,59,179563,8
8538,Employee_08538,60,179700,9
8539,Employee_08539,61,179837,10
8540,Employee_08540,62,179974,1
8541,Employee_08541,63,180111,2
8542,Employee_08542,64,180248,3
8543,Employee_08543,65,180385,4
8544,Employee_08544,18,180522,5
8545,Employee_08545,19,180659,6
8546,Employee_08546,20,180796,7
8547,Employee_08547,21,180933,8
8548,Employee_08548,22,181070,9
8549,Employee_08549,23,181207,10
8550,Employee_08550,24,181344,1
8551,Employee_08551,25,181481,2
8552,Employee_08552,26,181618,3
8553,Employee_08553,27,181755,4
8554,Employee_08554,28,181892,5
8555,Employee_08555,29,182029,6
8556,Employee_08556,30,182166,7
8557,Employee_08557,31,182303,8
8558,Employee_08558,32,182440,9
8559,Employee_08559,33,182577,10
8560,Employee_08560,34,182714,1
8561,Employee_08561,35,182851,2
8562,Employee_08562,36,182988,3
8563,Employee_08563,37,183125,4
8564,Employee_08564,38,183262,5
8565,Employee_08565,39,183399,6
8566,Employee_08566,40,183536,7
8567,Employee_08567,41,183673,8
8568,Employee_08568,42,183810,9
8569,Employee_08569,43,183947,10
8570,Employee_08570,44,184084,1
8571,Employee_08571,45,184221,2
8572,Employee_08572,46,184358,3
8573,Employee_08573,47,184495,4
8574,Employee_08574,48,184632,5
8575,Employee_08575,49,184769,6
8576,Employee_08576,50,184906,7
8577,Employee_08577,51,185043,8
8578,Employee_08578,52,185180,9
8579,Employee_08579,53,185317,10
8580,Employee_08580,54,185454,1
8581,Employee_08581,55,185591,2
8582,Employee_08582,56,185728,3
8583,Employee_08583,57,185865,4
8584,Employee_08584,58,186002,5
8585,Employee_08585,59,186139,6
8586,Employee_08586,60,186276,7
8587,Employee_08587,61,186413,8
8588,Employee_08588,62,186550,9
8589,Employee_08589,63,186687,10
8590,Employee_08590,64,186824,1
8591,Employee_08591,65,186961,2
8592,Employee_08592,18,187098,3
8593,Employee_08593,19,187235,4
8594,Employee_08594,20,187372,5
8595,Employee_08595,21,187509,6
8596,Employee_08596,22,187646,7
8597,Employee_08597,23,187783,8
8598,Employee_08598,24,187920,9
8599,Employee_08599,25,188057,10
8600,Employee_08600,26,188194,1
8601,Employee_08601,27,188331,2
8602,Employee_08602,28,188468,3
8603,Employee_08603,29,188605,4
8604,Employee_08604,30,188742,5
8605,Employee_08605,31,188879,6
8606,Employee_08606,32,189016,7
8607,Employee_08607,33,189153,8
8608,Employee_08608,34,189290,9
8609,Employee_08609,35,189427,10
8610,Employee_08610,36,189564,1
8611,Employee_08611,37,189701,2
8612,Employee_08612,38,189838,3
8613,Employee_08613,39,189975,4
8614,Employee_08614,40,190112,5
8615,Employee_08615,41,190249,6
8616,Employee_08616,42,190386,7
8617,Employee_08617,43,190523,8
8618,Employee_08618,44,190660,9
8619,Employee_08619,45,190797,10
8620,Employee_08620,46,190934,1
8621,Employee_08621,47,191071,2
8622,Employee_08622,48,191208,3
8623,Employee_08623,49,191345,4
8624,Employee_08624,50,191482,5
8625,Employee_08625,51,191619,6
8626,Employee_08626,52,191756,7
8627,Employee_08627,53,191893,8
8628,Employee_08628,54,192030,9
8629,Employee_08629,55,192167,10
8630,Employee_08630,56,192304,1
8631,Employee_08631,57,192441,2
8632,Employee_08632,58,192578,3
8633,Employee_08633,59,192715,4
8634,Employee_08634,60,192852,5
8635,Employee_08635,61,192989,6
8636,Employee_08636,62,193126,7
8637,Employee_08637,63,193263,8
8638,Employee_08638,64,193400,9
8639,Employee_08639,65,193537,10
8640,Employee_08640,18,193674,1
8641,Employee_08641,19,193811,2
8642,Employee_08642,20,193948,3
8643,Employee_08643,21,194085,4
8644,Employee_08644,22,194222,5
8645,Employee_08645,23,194359,6
8646,Employee_08646,24,194496,7
8647,Employee_08647,25,194633,8
8648,Employee_08648,26,194770,9
8649,Employee_08649,27,194907,10
8650,Employee_08650,28,195044,1
8651,Employee_08651,29,195181,2
8652,Employee_08652,30,195318,3
8653,Employee_08653,31,195455,4
8654,Employee_08654,32,195592,5
8655,Employee_08655,33,195729,6
8656,Employee_08656,34,195866,7
8657,Employee_08657,35,196003,8
8658,Employee_08658,36,196140,9
8659,Employee_08659,37,196277,10
8660,Employee_08660,38,196414,1
8661,Employee_08661,39,196551,2
8662,Employee_08662,40,196688,3
8663,Employee_08663,41,196825,4
8664,Employee_08664,42,196962,5
8665,Employee_08665,43,197099,6
8666,Employee_08666,44,197236,7
8667,Employee_08667,45,197373,8
8668,Employee_08668,46,197510,9
8669,Employee_08669,47,197647,10
8670,Employee_08670,48,197784,1
8671,Employee_08671,49,197921,2
8672,Employee_08672,50,198058,3
8673,Employee_08673,51,198195,4
8674,Employee_08674,52,198332,5
8675,Employee_08675,53,198469,6
8676,Employee_08676,54,198606,7
8677,Employee_08677,55,198743,8
8678,Employee_08678,56,198880,9
8679,Employee_08679,57,199017,10
8680,Employee_08680,58,199154,1
8681,Employee_08681,59,199291,2
8682,Employee_08682,60,199428,3
8683,Employee_08683,61,199565,4
8684,Employee_08684,62,199702,5
8685,Employee_08685,63,199839,6
8686,Employee_08686,64,199976,7
8687,Employee_08687,65,30112,8
8688,Employee_08688,18,30249,9
8689,Employee_08689,19,30386,10
8690,Employee_08690,20,30523,1
8691,Employee_08691,21,30660,2
8692,Employee_08692,22,30797,3
8693,Employee_08693,23,30934,4
8694,Employee_08694,24,31071,5
8695,Employee_08695,25,31208,6
8696,Employee_08696,26,31345,7
8697,Employee_08697,27,31482,8
8698,Employee_08698,28,31619,9
8699,Employee_08699,29,31756,10
8700,Employee_08700,30,31893,1
8701,Employee_08701,31,32030,2
8702,Employee_08702,32,32167,3
8703,Employee_08703,33,32304,4
8704,Employee_08704,34,32441,5
8705,Employee_08705,35,32578,6
8706,Employee_08706,36,32715,7
8707,Employee_08707,37,32852,8
8708,Employee_08708,38,32989,9
8709,Employee_08709,39,33126,10
8710,Employee_08710,40,33263,1
8711,Employee_08711,41,33400,2
8712,Employee_08712,42,33537,3
8713,Employee_08713,43,33674,4
8714,Employee_08714,44,33811,5
8715,Employee_08715,45,33948,6
8716,Employee_08716,46,34085,7
8717,Employee_08717,47,34222,8
8718,Employee_08718,48,34359,9
8719,Employee_08719,49,34496,10
8720,Employee_08720,50,34633,1
8721,Employee_08721,51,34770,2
8722,Employee_08722,52,34907,3
8723,Employee_08723,53,35044,4
8724,Employee_08724,54,35181,5
8725,Employee_08725,55,35318,6
8726,Employee_08726,56,35455,7
8727,Employee_08727,57,35592,8
8728,Employee_08728,58,35729,9
8729,Employee_08729,59,35866,10
8730,Employee_08730,60,36003,1
8731,Employee_08731,61,36140,2
8732,Employee_08732,62,36277,3
8733,Employee_08733,63,36414,4
8734,Employee_08734,64,36551,5
8735,Employee_08735,65,36688,6
8736,Employee_08736,18,36825,7
8737,Employee_08737,19,36962,8
8738,Employee_08738,20,37099,9
8739,Employee_08739,21,37236,10
8740,Employee_08740,22,37373,1
8741,Employee_08741,23,37510,2
8742,Employee_08742,24,37647,3
8743,Employee_08743,25,37784,4
8744,Employee_08744,26,37921,5
8745,Employee_08745,27,38058,6
8746,Employee_08746,28,38195,7
8747,Employee_08747,29,38332,8
8748,Employee_08748,30,38469,9
8749,Employee_08749,31,38606,10
8750,Employee_08750,32,38743,1
8751,Employee_08751,33,38880,2
8752,Employee_08752,34,39017,3
8753,Employee_08753,35,39154,4
8754,Employee_08754,36,39291,5
8755,Employee_08755,37,39428,6
8756,Employee_08756,38,39565,7
8757,Employee_08757,39,39702,8
8758,Employee_08758,40,39839,9
8759,Employee_08759,41,39976,10
8760,Employee_08760,42,40113,1
8761,Employee_08761,43,40250,2
8762,Employee_08762,44,40387,3
8763,Employee_08763,45,40524,4
8764,Employee_08764,46,40661,5
8765,Employee_08765,47,40798,6
8766,Employee_08766,48,40935,7
8767,Employee_08767,49,41072,8
8768,Employee_08768,50,41209,9
8769,Employee_08769,51,41346,10
8770,Employee_08770,52,41483,1
8771,Employee_08771,53,41620,2
8772,Employee_08772,54,41757,3
8773,Employee_08773,55,41894,4
8774,Employee_08774,56,42031,5
8775,Employee_08775,57,42168,6
8776,Employee_08776,58,42305,7
8777,Employee_08777,59,42442,8
8778,Employee_08778,60,42579,9
8779,Employee_08779,61,42716,10
8780,Employee_08780,62,42853,1
8781,Employee_08781,63,42990,2
8782,Employee_08782,64,43127,3
8783,Employee_08783,65,43264,4
8784,Employee_08784,18,43401,5
8785,Employee_08785,19,43538,6
8786,Employee_08786,20,43675,7
8787,Employee_08787,21,43812,8
8788,Employee_08788,22,43949,9
8789,Employee_08789,23,44086,10
8790,Employee_08790,24,44223,1
8791,Employee_08791,25,44360,2
8792,Employee_08792,26,44497,3
8793,Employee_08793,27,44634,4
8794,Employee_08794,28,44771,5
8795,Employee_08795,29,44908,6
8796,Employee_08796,30,45045,7
8797,Employee_08797,31,45182,8
8798,Employee_08798,32,45319,9
8799,Employee_08799,33,45456,10
8800,Employee_08800,34,45593,1
8801,Employee_08801,35,45730,2
8802,Employee_08802,36,45867,3
8803,Employee_08803,37,46004,4
8804,Employee_08804,38,46141,5
8805,Employee_08805,39,46278,6
8806,Employee_08806,40,46415,7
8807,Employee_08807,41,46552,8
8808,Employee_08808,42,46689,9
8809,Employee_08809,43,46826,10
8810,Employee_08810,44,46963,1
8811,Employee_08811,45,47100,2
8812,Employee_08812,46,47237,3
8813,Employee_08813,47,47374,4
8814,Employee_08814,48,47511,5
8815,Employee_08815,49,47648,6
8816,Employee_08816,50,47785,7
8817,Employee_08817,51,47922,8
8818,Employee_08818,52,48059,9
8819,Employee_08819,53,48196,10
8820,Employee_08820,54,48333,1
8821,Employee_08821,55,48470,2
8822,Employee_08822,56,48607,3
8823,Employee_08823,57,48744,4
8824,Employee_08824,58,48881,5
8825,Employee_08825,59,49018,6
8826,Employee_08826,60,49155,7
8827,Employee_08827,61,49292,8
8828,Employee_08828,62,49429,9
8829,Employee_08829,63,49566,10
8830,Employee_08830,64,49703,1
8831,Employee_08831,65,49840,2
8832,Employee_08832,18,49977,3
8833,Employee_08833,19,50114,4
8834,Employee_08834,20,50251,5
8835,Employee_08835,21,50388,6
8836,Employee_08836,22,50525,7
8837,Employee_08837,23,50662,8
8838,Employee_08838,24,50799,9
8839,Employee_08839,25,50936,10
8840,Employee_08840,26,51073,1
8841,Employee_08841,27,51210,2
8842,Employee_08842,28,51347,3
8843,Employee_08843,29,51484,4
8844,Employee_08844,30,51621,5
8845,Employee_08845,31,51758,6
8846,Employee_08846,32,51895,7
8847,Employee_08847,33,52032,8
8848,Employee_08848,34,52169,9
8849,Employee_08849,35,52306,10
8850,Employee_08850,36,52443,1
8851,Employee_08851,37,52580,2
8852,Employee_08852,38,52717,3
8853,Employee_08853,39,52854,4
8854,Employee_08854,40,52991,5
8855,Employee_08855,41,53128,6
8856,Employee_08856,42,53265,7
8857,Employee_08857,43,53402,8
8858,Employee_08858,44,53539,9
8859,Employee_08859,45,53676,10
8860,Employee_08860,46,53813,1
8861,Employee_08861,47,53950,2
8862,Employee_08862,48,54087,3
8863,Employee_08863,49,54224,4
8864,Employee_08864,50,54361,5
8865,Employee_08865,51,54498,6
8866,Employee_08866,52,54635,7
8867,Employee_08867,53,54772,8
8868,Employee_08868,54,54909,9
8869,Employee_08869,55,55046,10
8870,Employee_08870,56,55183,1
8871,Employee_08871,57,55320,2
8872,Employee_08872,58,55457,3
8873,Employee_08873,59,55594,4
8874,Employee_08874,60,55731,5
8875,Employee_08875,61,55868,6
8876,Employee_08876,62,56005,7
8877,Employee_08877,63,56142,8
8878,Employee_08878,64,56279,9
8879,Employee_08879,65,56416,10
8880,Employee_08880,18,56553,1
8881,Employee_08881,19,56690,2
8882,Employee_08882,20,56827,3
8883,Employee_08883,21,56964,4
8884,Employee_08884,22,57101,5
8885,Employee_08885,23,57238,6
8886,Employee_08886,24,57375,7
8887,Employee_08887,25,57512,8
8888,Employee_08888,26,57649,9
8889,Employee_08889,27,57786,10
8890,Employee_08890,28,57923,1
8891,Employee_08891,29,58060,2
8892,Employee_08892,30,58197,3
8893,Employee_08893,31,58334,4
8894,Employee_08894,32,58471,5
8895,Employee_08895,33,58608,6
8896,Employee_08896,34,58745,7
8897,Employee_08897,35,58882,8
8898,Employee_08898,36,59019,9
8899,Employee_08899,37,59156,10
8900,Employee_08900,38,59293,1
8901,Employee_08901,39,59430,2
8902,Employee_08902,40,59567,3
8903,Employee_08903,41,59704,4
8904,Employee_08904,42,59841,5
8905,Employee_08905,43,59978,6
8906,Employee_08906,44,60115,7
8907,Employee_08907,45,60252,8
8908,Employee_08908,46,60389,9
8909,Employee_08909,47,60526,10
8910,Employee_08910,48,60663,1
8911,Employee_08911,49,60800,2
8912,Employee_08912,50,60937,3
8913,Employee_08913,51,61074,4
8914,Employee_08914,52,61211,5
8915,Employee_08915,53,61348,6
8916,Employee_08916,54,61485,7
8917,Employee_08917,55,61622,8
8918,Employee_08918,56,61759,9
8919,Employee_08919,57,61896,10
8920,Employee_08920,58,62033,1
8921,Employee_08921,59,62170,2
8922,Employee_08922,60,62307,3
8923,Employee_08923,61,62444,4
8924,Employee_08924,62,62581,5
8925,Employee_08925,63,62718,6
8926,Employee_08926,64,62855,7
8927,Employee_08927,65,62992,8
8928,Employee_08928,18,63129,9
8929,Employee_08929,19,63266,10
8930,Employee_08930,20,63403,1
8931,Employee_08931,21,63540,2
8932,Employee_08932,22,63677,3
8933,Employee_08933,23,63814,4
8934,Employee_08934,24,63951,5
8935,Employee_08935,25,64088,6
8936,Employee_08936,26,64225,7
8937,Employee_08937,27,64362,8
8938,Employee_08938,28,64499,9
8939,Employee_08939,29,64636,10
8940,Employee_08940,30,64773,1
8941,Employee_08941,31,64910,2
8942,Employee_08942,32,65047,3
8943,Employee_08943,33,65184,4
8944,Employee_08944,34,65321,5
8945,Employee_08945,35,65458,6
8946,Employee_08946,36,65595,7
8947,Employee_08947,37,65732,8
8948,Employee_08948,38,65869,9
8949,Employee_08949,39,66006,10
8950,Employee_08950,40,66143,1
8951,Employee_08951,41,66280,2
8952,Employee_08952,42,66417,3
8953,Employee_08953,43,66554,4
8954,Employee_08954,44,66691,5
8955,Employee_08955,45,66828,6
8956,Employee_08956,46,66965,7
8957,Employee_08957,47,67102,8
8958,Employee_08958,48,67239,9
8959,Employee_08959,49,67376,10
8960,Employee_08960,50,67513,1
8961,Employee_08961,51,67650,2
8962,Employee_08962,52,67787,3
8963,Employee_08963,53,67924,4
8964,Employee_08964,54,68061,5
8965,Employee_08965,55,68198,6
8966,Employee_08966,56,68335,7
8967,Employee_08967,57,68472,8
8968,Employee_08968,58,68609,9
8969,Employee_08969,59,68746,10
8970,Employee_08970,60,68883,1
8971,Employee_08971,61,69020,2
8972,Employee_08972,62,69157,3
8973,Employee_08973,63,69294,4
8974,Employee_08974,64,69431,5
8975,Employee_08975,65,69568,6
8976,Employee_08976,18,69705,7
8977,Employee_08977,19,69842,8
8978,Employee_08978,20,69979,9
8979,Employee_08979,21,70116,10
8980,Employee_08980,22,70253,1
8981,Employee_08981,23,70390,2
8982,Employee_08982,24,70527,3
8983,Employee_08983,25,70664,4
8984,Employee_08984,26,70801,5
8985,Employee_08985,27,70938,6
8986,Employee_08986,28,71075,7
8987,Employee_08987,29,71212,8
8988,Employee_08988,30,71349,9
8989,Employee_08989,31,71486,10
8990,Employee_08990,32,71623,1
8991,Employee_08991,33,71760,2
8992,Employee_08992,34,71897,3
8993,Employee_08993,35,72034,4
8994,Employee_08994,36,72171,5
8995,Employee_08995,37,72308,6
8996,Employee_08996,38,72445,7
8997,Employee_08997,39,72582,8
8998,Employee_08998,40,72719,9
8999,Employee_08999,41,72856,10
9000,Employee_09000,42,72993,1
9001,Employee_09001,43,73130,2
9002,Employee_09002,44,73267,3
9003,Employee_09003,45,73404,4
9004,Employee_09004,46,73541,5
9005,Employee_09005,47,73678,6
9006,Employee_09006,48,73815,7
9007,Employee_09007,49,73952,8
9008,Employee_09008,50,74089,9
9009,Employee_09009,51,74226,10
9010,Employee_09010,52,74363,1
9011,Employee_09011,53,74500,2
9012,Employee_09012,54,74637,3
9013,Employee_09013,55,74774,4
9014,Employee_09014,56,74911,5
9015,Employee_09015,57,75048,6
9016,Employee_09016,58,75185,7
9017,Employee_09017,59,75322,8
9018,Employee_09018,60,75459,9
9019,Employee_09019,61,75596,10
9020,Employee_09020,62,75733,1
9021,Employee_09021,63,75870,2
9022,Employee_09022,64,76007,3
9023,Employee_09023,65,76144,4
9024,Employee_09024,18,76281,5
9025,Employee_09025,19,76418,6
9026,Employee_09026,20,76555,7
9027,Employee_09027,21,76692,8
9028,Employee_09028,22,76829,9
9029,Employee_09029,23,76966,10
9030,Employee_09030,24,77103,1
9031,Employee_09031,25,77240,2
9032,Employee_09032,26,77377,3
9033,Employee_09033,27,77514,4
9034,Employee_09034,28,77651,5
9035,Employee_09035,29,77788,6
9036,Employee_09036,30,77925,7
9037,Employee_09037,31,78062,8
9038,Employee_09038,32,78199,9
9039,Employee_09039,33,78336,10
9040,Employee_09040,34,78473,1
9041,Employee_09041,35,78610,2
9042,Employee_09042,36,78747,3
9043,Employee_09043,37,78884,4
9044,Employee_09044,38,79021,5
9045,Employee_09045,39,79158,6
9046,Employee_09046,40,79295,7
9047,Employee_09047,41,79432,8
9048,Employee_09048,42,79569,9
9049,Employee_09049,43,79706,10
9050,Employee_09050,44,79843,1
9051,Employee_09051,45,79980,2
9052,Employee_09052,46,80117,3
9053,Employee_09053,47,80254,4
9054,Employee_09054,48,80391,5
9055,Employee_09055,49,80528,6
9056,Employee_09056,50,80665,7
9057,Employee_09057,51,80802,8
9058,Employee_09058,52,80939,9
9059,Employee_09059,53,81076,10
9060,Employee_09060,54,81213,1
9061,Employee_09061,55,81350,2
9062,Employee_09062,56,81487,3
9063,Employee_09063,57,81624,4
9064,Employee_09064,58,81761,5
9065,Employee_09065,59,81898,6
9066,Employee_09066,60,82035,7
9067,Employee_09067,61,82172,8
9068,Employee_09068,62,82309,9
9069,Employee_09069,63,82446,10
9070,Employee_09070,64,82583,1
9071,Employee_09071,65,82720,2
9072,Employee_09072,18,82857,3
9073,Employee_09073,19,82994,4
9074,Employee_09074,20,83131,5
9075,Employee_09075,21,83268,6
9076,Employee_09076,22,83405,7
9077,Employee_09077,23,83542,8
9078,Employee_09078,24,83679,9
9079,Employee_09079,25,83816,10
9080,Employee_09080,26,83953,1
9081,Employee_09081,27,84090,2
9082,Employee_09082,28,84227,3
9083,Employee_09083,29,84364,4
9084,Employee_09084,30,84501,5
9085,Employee_09085,31,84638,6
9086,Employee_09086,32,84775,7
9087,Employee_09087,33,84912,8
9088,Employee_09088,34,85049,9
9089,Employee_09089,35,85186,10
9090,Employee_09090,36,85323,1
9091,Employee_09091,37,85460,2
9092,Employee_09092,38,85597,3
9093,Employee_09093,39,85734,4
9094,Employee_09094,40,85871,5
9095,Employee_09095,41,86008,6
9096,Employee_09096,42,86145,7
9097,Employee_09097,43,86282,8
9098,Employee_09098,44,86419,9
9099,Employee_09099,45,86556,10
9100,Employee_09100,46,86693,1
9101,Employee_09101,47,86830,2
9102,Employee_09102,48,86967,3
9103,Employee_09103,49,87104,4
9104,Employee_09104,50,87241,5
9105,Employee_09105,51,87378,6
9106,Employee_09106,52,87515,7
9107,Employee_09107,53,87652,8
9108,Employee_09108,54,87789,9
9109,Employee_09109,55,87926,10
9110,Employee_09110,56,88063,1
9111,Employee_09111,57,88200,2
9112,Employee_09112,58,88337,3
9113,Employee_09113,59,88474,4
9114,Employee_09114,60,88611,5
9115,Employee_09115,61,88748,6
9116,Employee_09116,62,88885,7
9117,Employee_09117,63,89022,8
9118,Employee_09118,64,89159,9
9119,Employee_09119,65,89296,10
9120,Employee_09120,18,89433,1
9121,Employee_09121,19,89570,2
9122,Employee_09122,20,89707,3
9123,Employee_09123,21,89844,4
9124,Employee_09124,22,89981,5
9125,Employee_09125,23,90118,6
9126,Employee_09126,24,90255,7
9127,Employee_09127,25,90392,8
9128,Employee_09128,26,90529,9
9129,Employee_09129,27,90666,10
9130,Employee_09130,28,90803,1
9131,Employee_09131,29,90940,2
9132,Employee_09132,30,91077,3
9133,Employee_09133,31,91214,4
9134,Employee_09134,32,91351,5
9135,Employee_09135,33,91488,6
9136,Employee_09136,34,91625,7
9137,Employee_09137,35,91762,8
9138,Employee_09138,36,91899,9
9139,Employee_09139,37,92036,10
9140,Employee_09140,38,92173,1
9141,Employee_09141,39,92310,2
9142,Employee_09142,40,92447,3
9143,Employee_09143,41,92584,4
9144,Employee_09144,42,92721,5
9145,Employee_09145,43,92858,6
9146,Employee_09146,44,92995,7
9147,Employee_09147,45,93132,8
9148,Employee_09148,46,93269,9
9149,Employee_09149,47,93406,10
9150,Employee_09150,48,93543,1
9151,Employee_09151,49,93680,2
9152,Employee_09152,50,93817,3
9153,Employee_09153,51,93954,4
9154,Employee_09154,52,94091,5
9155,Employee_09155,53,94228,6
9156,Employee_09156,54,94365,7
9157,Employee_09157,55,94502,8
9158,Employee_09158,56,94639,9
9159,Employee_09159,57,94776,10
9160,Employee_09160,58,94913,1
9161,Employee_09161,59,95050,2
9162,Employee_09162,60,95187,3
9163,Employee_09163,61,95324,4
9164,Employee_09164,62,95461,5
9165,Employee_09165,63,95598,6
9166,Employee_09166,64,95735,7
9167,Employee_09167,65,95872,8
9168,Employee_09168,18,96009,9
9169,Employee_09169,19,96146,10
9170,Employee_09170,20,96283,1
9171,Employee_09171,21,96420,2
9172,Employee_09172,22,96557,3
9173,Employee_09173,23,96694,4
9174,Employee_09174,24,96831,5
9175,Employee_09175,25,96968,6
9176,Employee_09176,26,97105,7
9177,Employee_09177,27,97242,8
9178,Employee_09178,28,97379,9
9179,Employee_09179,29,97516,10
9180,Employee_09180,30,97653,1
9181,Employee_09181,31,97790,2
9182,Employee_09182,32,97927,3
9183,Employee_09183,33,98064,4
9184,Employee_09184,34,98201,5
9185,Employee_09185,35,98338,6
9186,Employee_09186,36,98475,7
9187,Employee_09187,37,98612,8
9188,Employee_09188,38,98749,9
9189,Employee_09189,39,98886,10
9190,Employee_09190,40,99023,1
9191,Employee_09191,41,99160,2
9192,Employee_09192,42,99297,3
9193,Employee_09193,43,99434,4
9194,Employee_09194,44,99571,5
9195,Employee_09195,45,99708,6
9196,Employee_09196,46,99845,7
9197,Employee_09197,47,99982,8
9198,Employee_09198,48,100119,9
9199,Employee_09199,49,100256,10
9200,Employee_09200,50,100393,1
9201,Employee_09201,51,100530,2
9202,Employee_09202,52,100667,3
9203,Employee_09203,53,100804,4
9204,Employee_09204,54,100941,5
9205,Employee_09205,55,101078,6
9206,Employee_09206,56,101215,7
9207,Employee_09207,57,101352,8
9208,Employee_09208,58,101489,9
9209,Employee_09209,59,101626,10
9210,Employee_09210,60,101763,1
9211,Employee_09211,61,101900,2
9212,Employee_09212,62,102037,3
9213,Employee_09213,63,102174,4
9214,Employee_09214,64,102311,5
9215,Employee_09215,65,102448,6
9216,Employee_09216,18,102585,7
9217,Employee_09217,19,102722,8
9218,Employee_09218,20,102859,9
9219,Employee_09219,21,102996,10
9220,Employee_09220,22,103133,1
9221,Employee_09221,23,103270,2
9222,Employee_09222,24,103407,3
9223,Employee_09223,25,103544,4
9224,Employee_09224,26,103681,5
9225,Employee_09225,27,103818,6
9226,Employee_09226,28,103955,7
9227,Employee_09227,29,104092,8
9228,Employee_09228,30,104229,9
9229,Employee_09229,31,104366,10
9230,Employee_09230,32,104503,1
9231,Employee_09231,33,104640,2
9232,Employee_09232,34,104777,3
9233,Employee_09233,35,104914,4
9234,Employee_09234,36,105051,5
9235,Employee_09235,37,105188,6
9236,Employee_09236,38,105325,7
9237,Employee_09237,39,105462,8
9238,Employee_09238,40,105599,9
9239,Employee_09239,41,105736,10
9240,Employee_09240,42,105873,1
9241,Employee_09241,43,106010,2
9242,Employee_09242,44,106147,3
9243,Employee_09243,45,106284,4
9244,Employee_09244,46,106421,5
9245,Employee_09245,47,106558,6
9246,Employee_09246,48,106695,7
9247,Employee_09247,49,106832,8
9248,Employee_09248,50,106969,9
9249,Employee_09249,51,107106,10
9250,Employee_09250,52,107243,1
9251,Employee_09251,53,107380,2
9252,Employee_09252,54,107517,3
9253,Employee_09253,55,107654,4
9254,Employee_09254,56,107791,5
9255,Employee_09255,57,107928,6
9256,Employee_09256,58,108065,7
9257,Employee_09257,59,108202,8
9258,Employee_09258,60,108339,9
9259,Employee_09259,61,108476,10
9260,Employee_09260,62,108613,1
9261,Employee_09261,63,108750,2
9262,Employee_09262,64,108887,3
9263,Employee_09263,65,109024,4
9264,Employee_09264,18,109161,5
9265,Employee_09265,19,109298,6
9266,Employee_09266,20,109435,7
9267,Employee_09267,21,109572,8
9268,Employee_09268,22,109709,9
9269,Employee_09269,23,109846,10
9270,Employee_09270,24,109983,1
9271,Employee_09271,25,110120,2
9272,Employee_09272,26,110257,3
9273,Employee_09273,27,110394,4
9274,Employee_09274,28,110531,5
9275,Employee_09275,29,110668,6
9276,Employee_09276,30,110805,7
9277,Employee_09277,31,110942,8
9278,Employee_09278,32,111079,9
9279,Employee_09279,33,111216,10
9280,Employee_09280,34,111353,1
9281,Employee_09281,35,111490,2
9282,Employee_09282,36,111627,3
9283,Employee_09283,37,111764,4
9284,Employee_09284,38,111901,5
9285,Employee_09285,39,112038,6
9286,Employee_09286,40,112175,7
9287,Employee_09287,41,112312,8
9288,Employee_09288,42,112449,9
9289,Employee_09289,43,112586,10
9290,Employee_09290,44,112723,1
9291,Employee_09291,45,112860,2
9292,Employee_09292,46,112997,3
9293,Employee_09293,47,113134,4
9294,Employee_09294,48,113271,5
9295,Employee_09295,49,113408,6
9296,Employee_09296,50,113545,7
9297,Employee_09297,51,113682,8
9298,Employee_09298,52,113819,9
9299,Employee_09299,53,113956,10
9300,Employee_09300,54,114093,1
9301,Employee_09301,55,114230,2
9302,Employee_09302,56,114367,3
9303,Employee_09303,57,114504,4
9304,Employee_09304,58,114641,5
9305,Employee_09305,59,114778,6
9306,Employee_09306,60,114915,7
9307,Employee_09307,61,115052,8
9308,Employee_09308,62,115189,9
9309,Employee_09309,63,115326,10
9310,Employee_09310,64,115463,1
9311,Employee_09311,65,115600,2
9312,Employee_09312,18,115737,3
9313,Employee_09313,19,115874,4
9314,Employee_09314,20,116011,5
9315,Employee_09315,21,116148,6
9316,Employee_09316,22,116285,7
9317,Employee_09317,23,116422,8
9318,Employee_09318,24,116559,9
9319,Employee_09319,25,116696,10
9320,Employee_09320,26,116833,1
9321,Employee_09321,27,116970,2
9322,Employee_09322,28,117107,3
9323,Employee_09323,29,117244,4
9324,Employee_09324,30,117381,5
9325,Employee_09325,31,117518,6
9326,Employee_09326,32,117655,7
9327,Employee_09327,33,117792,8
9328,Employee_09328,34,117929,9
9329,Employee_09329,35,118066,10
9330,Employee_09330,36,118203,1
9331,Employee_09331,37,118340,2
9332,Employee_09332,38,118477,3
9333,Employee_09333,39,118614,4
9334,Employee_09334,40,118751,5
9335,Employee_09335,41,118888,6
9336,Employee_09336,42,119025,7
9337,Employee_09337,43,119162,8
9338,Employee_09338,44,119299,9
9339,Employee_09339,45,119436,10
9340,Employee_09340,46,119573,1
9341,Employee_09341,47,119710,2
9342,Employee_09342,48,119847,3
9343,Employee_09343,49,119984,4
9344,Employee_09344,50,120121,5
9345,Employee_09345,51,120258,6
9346,Employee_09346,52,120395,7
9347,Employee_09347,53,120532,8
9348,Employee_09348,54,120669,9
9349,Employee_09349,55,120806,10
9350,Employee_09350,56,120943,1
9351,Employee_09351,57,121080,2
9352,Employee_09352,58,121217,3
9353,Employee_09353,59,121354,4
9354,Employee_09354,60,121491,5
9355,Employee_09355,61,121628,6
9356,Employee_09356,62,121765,7
9357,Employee_09357,63,121902,8
9358,Employee_09358,64,122039,9
9359,Employee_09359,65,122176,10
9360,Employee_09360,18,122313,1
9361,Employee_09361,19,122450,2
9362,Employee_09362,20,122587,3
9363,Employee_09363,21,122724,4
9364,Employee_09364,22,122861,5
9365,Employee_09365,23,122998,6
9366,Employee_09366,24,123135,7
9367,Employee_09367,25,123272,8
9368,Employee_09368,26,123409,9
9369,Employee_09369,27,123546,10
9370,Employee_09370,28,123683,1
9371,Employee_09371,29,123820,2
9372,Employee_09372,30,123957,3
9373,Employee_09373,31,124094,4
9374,Employee_09374,32,124231,5
9375,Employee_09375,33,124368,6
9376,Employee_09376,34,124505,7
9377,Employee_09377,35,124642,8
9378,Employee_09378,36,124779,9
9379,Employee_09379,37,124916,10
9380,Employee_09380,38,125053,1
9381,Employee_09381,39,125190,2
9382,Employee_09382,40,125327,3
9383,Employee_09383,41,125464,4
9384,Employee_09384,42,125601,5
9385,Employee_09385,43,125738,6
9386,Employee_09386,44,125875,7
9387,Employee_09387,45,126012,8
9388,Employee_09388,46,126149,9
9389,Employee_09389,47,126286,10
9390,Employee_09390,48,126423,1
9391,Employee_09391,49,126560,2
9392,Employee_09392,50,126697,3
9393,Employee_09393,51,126834,4
9394,Employee_09394,52,126971,5
9395,Employee_09395,53,127108,6
9396,Employee_09396,54,127245,7
9397,Employee_09397,55,127382,8
9398,Employee_09398,56,127519,9
9399,Employee_09399,57,127656,10
9400,Employee_09400,58,127793,1
9401,Employee_09401,59,127930,2
9402,Employee_09402,60,128067,3
9403,Employee_09403,61,128204,4
9404,Employee_09404,62,128341,5
9405,Employee_09405,63,128478,6
9406,Employee_09406,64,128615,7
9407,Employee_09407,65,128752,8
9408,Employee_09408,18,128889,9
9409,Employee_09409,19,129026,10
9410,Employee_09410,20,129163,1
9411,Employee_09411,21,129300,2
9412,Employee_09412,22,129437,3
9413,Employee_09413,23,129574,4
9414,Employee_09414,24,129711,5
9415,Employee_09415,25,129848,6
9416,Employee_09416,26,129985,7
9417,Employee_09417,27,130122,8
9418,Employee_09418,28,130259,9
9419,Employee_09419,29,130396,10
9420,Employee_09420,30,130533,1
9421,Employee_09421,31,130670,2
9422,Employee_09422,32,130807,3
9423,Employee_09423,33,130944,4
9424,Employee_09424,34,131081,5
9425,Employee_09425,35,131218,6
9426,Employee_09426,36,131355,7
9427,Employee_09427,37,131492,8
9428,Employee_09428,38,131629,9
9429,Employee_09429,39,131766,10
9430,Employee_09430,40,131903,1
9431,Employee_09431,41,132040,2
9432,Employee_09432,42,132177,3
9433,Employee_09433,43,132314,4
9434,Employee_09434,44,132451,5
9435,Employee_09435,45,132588,6
9436,Employee_09436,46,132725,7
9437,Employee_09437,47,132862,8
9438,Employee_09438,48,132999,9
9439,Employee_09439,49,133136,10
9440,Employee_09440,50,133273,1
9441,Employee_09441,51,133410,2
9442,Employee_09442,52,133547,3
9443,Employee_09443,53,133684,4
9444,Employee_09444,54,133821,5
9445,Employee_09445,55,133958,6
9446,Employee_09446,56,134095,7
9447,Employee_09447,57,134232,8
9448,Employee_09448,58,134369,9
9449,Employee_09449,59,134506,10
9450,Employee_09450,60,134643,1
9451,Employee_09451,61,134780,2
9452,Employee_09452,62,134917,3
9453,Employee_09453,63,135054,4
9454,Employee_09454,64,135191,5
9455,Employee_09455,65,135328,6
9456,Employee_09456,18,135465,7
9457,Employee_09457,19,135602,8
9458,Employee_09458,20,135739,9
9459,Employee_09459,21,135876,10
9460,Employee_09460,22,136013,1
9461,Employee_09461,23,136150,2
9462,Employee_09462,24,136287,3
9463,Employee_09463,25,136424,4
9464,Employee_09464,26,136561,5
9465,Employee_09465,27,136698,6
9466,Employee_09466,28,136835,7
9467,Employee_09467,29,136972,8
9468,Employee_09468,30,137109,9
9469,Employee_09469,31,137246,10
9470,Employee_09470,32,137383,1
9471,Employee_09471,33,137520,2
9472,Employee_09472,34,137657,3
9473,Employee_09473,35,137794,4
9474,Employee_09474,36,137931,5
9475,Employee_09475,37,138068,6
9476,Employee_09476,38,138205,7
9477,Employee_09477,39,138342,8
9478,Employee_09478,40,138479,9
9479,Employee_09479,41,138616,10
9480,Employee_09480,42,138753,1
9481,Employee_09481,43,138890,2
9482,Employee_09482,44,139027,3
9483,Employee_09483,45,139164,4
9484,Employee_09484,46,139301,5
9485,Employee_09485,47,139438,6
9486,Employee_09486,48,139575,7
9487,Employee_09487,49,139712,8
9488,Employee_09488,50,139849,9
9489,Employee_09489,51,139986,10
9490,Employee_09490,52,140123,1
9491,Employee_09491,53,140260,2
9492,Employee_09492,54,140397,3
9493,Employee_09493,55,140534,4
9494,Employee_09494,56,140671,5
9495,Employee_09495,57,140808,6
9496,Employee_09496,58,140945,7
9497,Employee_09497,59,141082,8
9498,Employee_09498,60,141219,9
9499,Employee_09499,61,141356,10
9500,Employee_09500,62,141493,1
9501,Employee_09501,63,141630,2
9502,Employee_09502,64,141767,3
9503,Employee_09503,65,141904,4
9504,Employee_09504,18,142041,5
9505,Employee_09505,19,142178,6
9506,Employee_09506,20,142315,7
9507,Employee_09507,21,142452,8
9508,Employee_09508,22,142589,9
9509,Employee_09509,23,142726,10
9510,Employee_09510,24,142863,1
9511,Employee_09511,25,143000,2
9512,Employee_09512,26,143137,3
9513,Employee_09513,27,143274,4
9514,Employee_09514,28,143411,5
9515,Employee_09515,29,143548,6
9516,Employee_09516,30,143685,7
9517,Employee_09517,31,143822,8
9518,Employee_09518,32,143959,9
9519,Employee_09519,33,144096,10
9520,Employee_09520,34,144233,1
9521,Employee_09521,35,144370,2
9522,Employee_09522,36,144507,3
9523,Employee_09523,37,144644,4
9524,Employee_09524,38,144781,5
9525,Employee_09525,39,144918,6
9526,Employee_09526,40,145055,7
9527,Employee_09527,41,145192,8
9528,Employee_09528,42,145329,9
9529,Employee_09529,43,145466,10
9530,Employee_09530,44,145603,1
9531,Employee_09531,45,145740,2
9532,Employee_09532,46,145877,3
9533,Employee_09533,47,146014,4
9534,Employee_09534,48,146151,5
9535,Employee_09535,49,146288,6
9536,Employee_09536,50,146425,7
9537,Employee_09537,51,146562,8
9538,Employee_09538,52,146699,9
9539,Employee_09539,53,146836,10
9540,Employee_09540,54,146973,1
9541,Employee_09541,55,147110,2
9542,Employee_09542,56,147247,3
9543,Employee_09543,57,147384,4
9544,Employee_09544,58,147521,5
9545,Employee_09545,59,147658,6
9546,Employee_09546,60,147795,7
9547,Employee_09547,61,147932,8
9548,Employee_09548,62,148069,9
9549,Employee_09549,63,148206,10
9550,Employee_09550,64,148343,1
9551,Employee_09551,65,148480,2
9552,Employee_09552,18,148617,3
9553,Employee_09553,19,148754,4
9554,Employee_09554,20,148891,5
9555,Employee_09555,21,149028,6
9556,Employee_09556,22,149165,7
9557,Employee_09557,23,149302,8
9558,Employee_09558,24,149439,9
9559,Employee_09559,25,149576,10
9560,Employee_09560,26,149713,1
9561,Employee_09561,27,149850,2
9562,Employee_09562,28,149987,3
9563,Employee_09563,29,150124,4
9564,Employee_09564,30,150261,5
9565,Employee_09565,31,150398,6
9566,Employee_09566,32,150535,7
9567,Employee_09567,33,150672,8
9568,Employee_09568,34,150809,9
9569,Employee_09569,35,150946,10
9570,Employee_09570,36,151083,1
9571,Employee_09571,37,151220,2
9572,Employee_09572,38,151357,3
9573,Employee_09573,39,151494,4
9574,Employee_09574,40,151631,5
9575,Employee_09575,41,151768,6
9576,Employee_09576,42,151905,7
9577,Employee_09577,43,152042,8
9578,Employee_09578,44,152179,9
9579,Employee_09579,45,152316,10
9580,Employee_09580,46,152453,1
9581,Employee_09581,47,152590,2
9582,Employee_09582,48,152727,3
9583,Employee_09583,49,152864,4
9584,Employee_09584,50,153001,5
9585,Employee_09585,51,153138,6
9586,Employee_09586,52,153275,7
9587,Employee_09587,53,153412,8
9588,Employee_09588,54,153549,9
9589,Employee_09589,55,153686,10
9590,Employee_09590,56,153823,1
9591,Employee_09591,57,153960,2
9592,Employee_09592,58,154097,3
9593,Employee_09593,59,154234,4
9594,Employee_09594,60,154371,5
9595,Employee_09595,61,154508,6
9596,Employee_09596,62,154645,7
9597,Employee_09597,63,154782,8
9598,Employee_09598,64,154919,9
9599,Employee_09599,65,155056,10
9600,Employee_09600,18,155193,1
9601,Employee_09601,19,155330,2
9602,Employee_09602,20,155467,3
9603,Employee_09603,21,155604,4
9604,Employee_09604,22,155741,5
9605,Employee_09605,23,155878,6
9606,Employee_09606,24,156015,7
9607,Employee_09607,25,156152,8
9608,Employee_09608,26,156289,9
9609,Employee_09609,27,156426,10
9610,Employee_09610,28,156563,1
9611,Employee_09611,29,156700,2
9612,Employee_09612,30,156837,3
9613,Employee_09613,31,156974,4
9614,Employee_09614,32,157111,5
9615,Employee_09615,33,157248,6
9616,Employee_09616,34,157385,7
9617,Employee_09617,35,157522,8
9618,Employee_09618,36,157659,9
9619,Employee_09619,37,157796,10
9620,Employee_09620,38,157933,1
9621,Employee_09621,39,158070,2
9622,Employee_09622,40,158207,3
9623,Employee_09623,41,158344,4
9624,Employee_09624,42,158481,5
9625,Employee_09625,43,158618,6
9626,Employee_09626,44,158755,7
9627,Employee_09627,45,158892,8
9628,Employee_09628,46,159029,9
9629,Employee_09629,47,159166,10
9630,Employee_09630,48,159303,1
9631,Employee_09631,49,159440,2
9632,Employee_09632,50,159577,3
9633,Employee_09633,51,159714,4
9634,Employee_09634,52,159851,5
9635,Employee_09635,53,159988,6
9636,Employee_09636,54,160125,7
9637,Employee_09637,55,160262,8
9638,Employee_09638,56,160399,9
9639,Employee_09639,57,160536,10
9640,Employee_09640,58,160673,1
9641,Employee_09641,59,160810,2
9642,Employee_09642,60,160947,3
9643,Employee_09643,61,161084,4
9644,Employee_09644,62,161221,5
9645,Employee_09645,63,161358,6
9646,Employee_09646,64,161495,7
9647,Employee_09647,65,161632,8
9648,Employee_09648,18,161769,9
9649,Employee_09649,19,161906,10
9650,Employee_09650,20,162043,1
9651,Employee_09651,21,162180,2
9652,Employee_09652,22,162317,3
9653,Employee_09653,23,162454,4
9654,Employee_09654,24,162591,5
9655,Employee_09655,25,162728,6
9656,Employee_09656,26,162865,7
9657,Employee_09657,27,163002,8
9658,Employee_09658,28,163139,9
9659,Employee_09659,29,163276,10
9660,Employee_09660,30,163413,1
9661,Employee_09661,31,163550,2
9662,Employee_09662,32,163687,3
9663,Employee_09663,33,163824,4
9664,Employee_09664,34,163961,5
9665,Employee_09665,35,164098,6
9666,Employee_09666,36,164235,7
9667,Employee_09667,37,164372,8
9668,Employee_09668,38,164509,9
9669,Employee_09669,39,164646,10
9670,Employee_09670,40,164783,1
9671,Employee_09671,41,164920,2
9672,Employee_09672,42,165057,3
9673,Employee_09673,43,165194,4
9674,Employee_09674,44,165331,5
9675,Employee_09675,45,165468,6
9676,Employee_09676,46,165605,7
9677,Employee_09677,47,165742,8
9678,Employee_09678,48,165879,9
9679,Employee_09679,49,166016,10
9680,Employee_09680,50,166153,1
9681,Employee_09681,51,166290,2
9682,Employee_09682,52,166427,3
9683,Employee_09683,53,166564,4
9684,Employee_09684,54,166701,5
9685,Employee_09685,55,166838,6
9686,Employee_09686,56,166975,7
9687,Employee_09687,57,167112,8
9688,Employee_09688,58,167249,9
9689,Employee_09689,59,167386,10
9690,Employee_09690,60,167523,1
9691,Employee_09691,61,167660,2
9692,Employee_09692,62,167797,3
9693,Employee_09693,63,167934,4
9694,Employee_09694,64,168071,5
9695,Employee_09695,65,168208,6
9696,Employee_09696,18,168345,7
9697,Employee_09697,19,168482,8
9698,Employee_09698,20,168619,9
9699,Employee_09699,21,168756,10
9700,Employee_09700,22,168893,1
9701,Employee_09701,23,169030,2
9702,Employee_09702,24,169167,3
9703,Employee_09703,25,169304,4
9704,Employee_09704,26,169441,5
9705,Employee_09705,27,169578,6
9706,Employee_09706,28,169715,7
9707,Employee_09707,29,169852,8
9708,Employee_09708,30,169989,9
9709,Employee_09709,31,170126,10
9710,Employee_09710,32,170263,1
9711,Employee_09711,33,170400,2
9712,Employee_09712,34,170537,3
9713,Employee_09713,35,170674,4
9714,Employee_09714,36,170811,5
9715,Employee_09715,37,170948,6
9716,Employee_09716,38,171085,7
9717,Employee_09717,39,171222,8
9718,Employee_09718,40,171359,9
9719,Employee_09719,41,171496,10
9720,Employee_09720,42,171633,1
9721,Employee_09721,43,171770,2
9722,Employee_09722,44,171907,3
9723,Employee_09723,45,172044,4
9724,Employee_09724,46,172181,5
9725,Employee_09725,47,172318,6
9726,Employee_09726,48,172455,7
9727,Employee_09727,49,172592,8
9728,Employee_09728,50,172729,9
9729,Employee_09729,51,172866,10
9730,Employee_09730,52,173003,1
9731,Employee_09731,53,173140,2
9732,Employee_09732,54,173277,3
9733,Employee_09733,55,173414,4
9734,Employee_09734,56,173551,5
9735,Employee_09735,57,173688,6
9736,Employee_09736,58,173825,7
9737,Employee_09737,59,173962,8
9738,Employee_09738,60,174099,9
9739,Employee_09739,61,174236,10
9740,Employee_09740,62,174373,1
9741,Employee_09741,63,174510,2
9742,Employee_09742,64,174647,3
9743,Employee_09743,65,174784,4
9744,Employee_09744,18,174921,5
9745,Employee_09745,19,175058,6
9746,Employee_09746,20,175195,7
9747,Employee_09747,21,175332,8
9748,Employee_09748,22,175469,9
9749,Employee_09749,23,175606,10
9750,Employee_09750,24,175743,1
9751,Employee_09751,25,175880,2
9752,Employee_09752,26,176017,3
9753,Employee_09753,27,176154,4
9754,Employee_09754,28,176291,5
9755,Employee_09755,29,176428,6
9756,Employee_09756,30,176565,7
9757,Employee_09757,31,176702,8
9758,Employee_09758,32,176839,9
9759,Employee_09759,33,176976,10
9760,Employee_09760,34,177113,1
9761,Employee_09761,35,177250,2
9762,Employee_09762,36,177387,3
9763,Employee_09763,37,177524,4
9764,Employee_09764,38,177661,5
9765,Employee_09765,39,177798,6
9766,Employee_09766,40,177935,7
9767,Employee_09767,41,178072,8
9768,Employee_09768,42,178209,9
9769,Employee_09769,43,178346,10
9770,Employee_09770,44,178483,1
9771,Employee_09771,45,178620,2
9772,Employee_09772,46,178757,3
9773,Employee_09773,47,178894,4
9774,Employee_09774,48,179031,5
9775,Employee_09775,49,179168,6
9776,Employee_09776,50,179305,7
9777,Employee_09777,51,179442,8
9778,Employee_09778,52,179579,9
9779,Employee_09779,53,179716,10
9780,Employee_09780,54,179853,1
9781,Employee_09781,55,179990,2
9782,Employee_09782,56,180127,3
9783,Employee_09783,57,180264,4
9784,Employee_09784,58,180401,5
9785,Employee_09785,59,180538,6
9786,Employee_09786,60,180675,7
9787,Employee_09787,61,180812,8
9788,Employee_09788,62,180949,9
9789,Employee_09789,63,181086,10
9790,Employee_09790,64,181223,1
9791,Employee_09791,65,181360,2
9792,Employee_09792,18,181497,3
9793,Employee_09793,19,181634,4
9794,Employee_09794,20,181771,5
9795,Employee_09795,21,181908,6
9796,Employee_09796,22,182045,7
9797,Employee_09797,23,182182,8
9798,Employee_09798,24,182319,9
9799,Employee_09799,25,182456,10
9800,Employee_09800,26,182593,1
9801,Employee_09801,27,182730,2
9802,Employee_09802,28,182867,3
9803,Employee_09803,29,183004,4
9804,Employee_09804,30,183141,5
9805,Employee_09805,31,183278,6
9806,Employee_09806,32,183415,7
9807,Employee_09807,33,183552,8
9808,Employee_09808,34,183689,9
9809,Employee_09809,35,183826,10
9810,Employee_09810,36,183963,1
9811,Employee_09811,37,184100,2
9812,Employee_09812,38,184237,3
9813,Employee_09813,39,184374,4
9814,Employee_09814,40,184511,5
9815,Employee_09815,41,184648,6
9816,Employee_09816,42,184785,7
9817,Employee_09817,43,184922,8
9818,Employee_09818,44,185059,9
9819,Employee_09819,45,185196,10
9820,Employee_09820,46,185333,1
9821,Employee_09821,47,185470,2
9822,Employee_09822,48,185607,3
9823,Employee_09823,49,185744,4
9824,Employee_09824,50,185881,5
9825,Employee_09825,51,186018,6
9826,Employee_09826,52,186155,7
9827,Employee_09827,53,186292,8
9828,Employee_09828,54,186429,9
9829,Employee_09829,55,186566,10
9830,Employee_09830,56,186703,1
9831,Employee_09831,57,186840,2
9832,Employee_09832,58,186977,3
9833,Employee_09833,59,187114,4
9834,Employee_09834,60,187251,5
9835,Employee_09835,61,187388,6
9836,Employee_09836,62,187525,7
9837,Employee_09837,63,187662,8
9838,Employee_09838,64,187799,9
9839,Employee_09839,65,187936,10
9840,Employee_09840,18,188073,1
9841,Employee_09841,19,188210,2
9842,Employee_09842,20,188347,3
9843,Employee_09843,21,188484,4
9844,Employee_09844,22,188621,5
9845,Employee_09845,23,188758,6
9846,Employee_09846,24,188895,7
9847,Employee_09847,25,189032,8
9848,Employee_09848,26,189169,9
9849,Employee_09849,27,189306,10
9850,Employee_09850,28,189443,1
9851,Employee_09851,29,189580,2
9852,Employee_09852,30,189717,3
9853,Employee_09853,31,189854,4
9854,Employee_09854,32,189991,5
9855,Employee_09855,33,190128,6
9856,Employee_09856,34,190265,7
9857,Employee_09857,35,190402,8
9858,Employee_09858,36,190539,9
9859,Employee_09859,37,190676,10
9860,Employee_09860,38,190813,1
9861,Employee_09861,39,190950,2
9862,Employee_09862,40,191087,3
9863,Employee_09863,41,191224,4
9864,Employee_09864,42,191361,5
9865,Employee_09865,43,191498,6
9866,Employee_09866,44,191635,7
9867,Employee_09867,45,191772,8
9868,Employee_09868,46,191909,9
9869,Employee_09869,47,192046,10
9870,Employee_09870,48,192183,1
9871,Employee_09871,49,192320,2
9872,Employee_09872,50,192457,3
9873,Employee_09873,51,192594,4
9874,Employee_09874,52,192731,5
9875,Employee_09875,53,192868,6
9876,Employee_09876,54,193005,7
9877,Employee_09877,55,193142,8
9878,Employee_09878,56,193279,9
9879,Employee_09879,57,193416,10
9880,Employee_09880,58,193553,1
9881,Employee_09881,59,193690,2
9882,Employee_09882,60,193827,3
9883,Employee_09883,61,193964,4
9884,Employee_09884,62,194101,5
9885,Employee_09885,63,194238,6
9886,Employee_09886,64,194375,7
9887,Employee_09887,65,194512,8
9888,Employee_09888,18,194649,9
9889,Employee_09889,19,194786,10
9890,Employee_09890,20,194923,1
9891,Employee_09891,21,195060,2
9892,Employee_09892,22,195197,3
9893,Employee_09893,23,195334,4
9894,Employee_09894,24,195471,5
9895,Employee_09895,25,195608,6
9896,Employee_09896,26,195745,7
9897,Employee_09897,27,195882,8
9898,Employee_09898,28,196019,9
9899,Employee_09899,29,196156,10
9900,Employee_09900,30,196293,1
9901,Employee_09901,31,196430,2
9902,Employee_09902,32,196567,3
9903,Employee_09903,33,196704,4
9904,Employee_09904,34,196841,5
9905,Employee_09905,35,196978,6
9906,Employee_09906,36,197115,7
9907,Employee_09907,37,197252,8
9908,Employee_09908,38,197389,9
9909,Employee_09909,39,197526,10
9910,Employee_09910,40,197663,1
9911,Employee_09911,41,197800,2
9912,Employee_09912,42,197937,3
9913,Employee_09913,43,198074,4
9914,Employee_09914,44,198211,5
9915,Employee_09915,45,198348,6
9916,Employee_09916,46,198485,7
9917,Employee_09917,47,198622,8
9918,Employee_09918,48,198759,9
9919,Employee_09919,49,198896,10
9920,Employee_09920,50,199033,1
9921,Employee_09921,51,199170,2
9922,Employee_09922,52,199307,3
9923,Employee_09923,53,199444,4
9924,Employee_09924,54,199581,5
9925,Employee_09925,55,199718,6
9926,Employee_09926,56,199855,7
9927,Employee_09927,57,199992,8
9928,Employee_09928,58,30128,9
9929,Employee_09929,59,30265,10
9930,Employee_09930,60,30402,1
9931,Employee_09931,61,30539,2
9932,Employee_09932,62,30676,3
9933,Employee_09933,63,30813,4
9934,Employee_09934,64,30950,5
9935,Employee_09935,65,31087,6
9936,Employee_09936,18,31224,7
9937,Employee_09937,19,31361,8
9938,Employee_09938,20,31498,9
9939,Employee_09939,21,31635,10
9940,Employee_09940,22,31772,1
9941,Employee_09941,23,31909,2
9942,Employee_09942,24,32046,3
9943,Employee_09943,25,32183,4
9944,Employee_09944,26,32320,5
9945,Employee_09945,27,32457,6
9946,Employee_09946,28,32594,7
9947,Employee_09947,29,32731,8
9948,Employee_09948,30,32868,9
9949,Employee_09949,31,33005,10
9950,Employee_09950,32,33142,1
9951,Employee_09951,33,33279,2
9952,Employee_09952,34,33416,3
9953,Employee_09953,35,33553,4
9954,Employee_09954,36,33690,5
9955,Employee_09955,37,33827,6
9956,Employee_09956,38,33964,7
9957,Employee_09957,39,34101,8
9958,Employee_09958,40,34238,9
9959,Employee_09959,41,34375,10
9960,Employee_09960,42,34512,1
9961,Employee_09961,43,34649,2
9962,Employee_09962,44,34786,3
9963,Employee_09963,45,34923,4
9964,Employee_09964,46,35060,5
9965,Employee_09965,47,35197,6
9966,Employee_09966,48,35334,7
9967,Employee_09967,49,35471,8
9968,Employee_09968,50,35608,9
9969,Employee_09969,51,35745,10
9970,Employee_09970,52,35882,1
9971,Employee_09971,53,36019,2
9972,Employee_09972,54,36156,3
9973,Employee_09973,55,36293,4
9974,Employee_09974,56,36430,5
9975,Employee_09975,57,36567,6
9976,Employee_09976,58,36704,7
9977,Employee_09977,59,36841,8
9978,Employee_09978,60,36978,9
9979,Employee_09979,61,37115,10
9980,Employee_09980,62,37252,1
9981,Employee_09981,63,37389,2
9982,Employee_09982,64,37526,3
9983,Employee_09983,65,37663,4
9984,Employee_09984,18,37800,5
9985,Employee_09985,19,37937,6
9986,Employee_09986,20,38074,7
9987,Employee_09987,21,38211,8
9988,Employee_09988,22,38348,9
9989,Employee_09989,23,38485,10
9990,Employee_09990,24,38622,1
9991,Employee_09991,25,38759,2
9992,Employee_09992,26,38896,3
9993,Employee_09993,27,39033,4
9994,Employee_09994,28,39170,5
9995,Employee_09995,29,39307,6
9996,Employee_09996,30,39444,7
9997,Employee_09997,31,39581,8
9998,Employee_09998,32,39718,9
9999,Employee_09999,33,39855,10
10000,Employee_10000,34,39992,1
